,datetime,temp,dew,humidity,precip,precipprob,preciptype,snow,snowdepth,windspeed,winddir,sealevelpressure,cloudcover,solarradiation,solarenergy,uvindex
0,2009-11-10T00:00:00,2.9,2.7,98.98,0.0,0.0,,0.0,0.0,12.6,280.0,1015.1,57.9,,,
1,2009-11-10T01:00:00,3.5,3.0,96.9,0.0,0.0,,0.0,0.0,12.3,289.0,1014.2,100.0,,,
2,2009-11-10T02:00:00,2.9,2.8,99.49,0.0,0.0,,0.0,0.0,9.4,294.0,1014.1,,,,
3,2009-11-10T03:00:00,2.8,2.8,99.49,0.0,0.0,,0.0,0.0,6.5,270.0,1013.1,,,,
4,2009-11-10T04:00:00,2.4,2.4,99.49,0.0,0.0,,0.0,0.0,7.3,285.0,1013.0,,,,
5,2009-11-10T05:00:00,2.2,2.2,99.49,0.0,0.0,,0.0,0.0,6.3,275.0,1013.0,,,,
6,2009-11-10T06:00:00,1.9,1.7,99.08,0.201,100.0,"rain,snow",0.0,0.0,5.2,258.0,1012.2,,,,
7,2009-11-10T07:00:00,1.5,1.4,99.08,0.0,0.0,,0.0,0.0,3.9,264.0,1012.2,90.0,,,
8,2009-11-10T08:00:00,2.0,2.0,99.48,0.0,0.0,,0.0,0.0,6.0,256.0,1012.1,90.0,,,
9,2009-11-10T09:00:00,3.3,3.2,99.49,0.0,0.0,,0.0,0.0,6.5,252.0,1011.9,81.2,,,
10,2009-11-10T10:00:00,4.4,3.9,96.92,0.0,0.0,,0.0,0.0,6.7,261.0,1011.2,63.2,,,
11,2009-11-10T11:00:00,5.6,4.8,94.94,0.0,0.0,,0.0,0.0,11.4,261.0,1011.9,96.3,,,
12,2009-11-10T12:00:00,5.6,5.1,96.69,0.0,0.0,,0.0,0.0,10.6,275.0,1011.1,96.3,,,
13,2009-11-10T13:00:00,6.4,5.4,93.49,0.0,0.0,,0.0,0.0,7.3,289.0,1010.9,96.3,,,
14,2009-11-10T14:00:00,6.6,5.6,93.24,0.0,0.0,,0.0,0.0,5.7,279.0,1010.3,70.7,,,
15,2009-11-10T15:00:00,6.5,5.8,95.62,0.0,0.0,,0.0,0.0,4.5,308.0,1010.3,80.1,,,
16,2009-11-10T16:00:00,6.4,5.9,96.28,0.0,0.0,,0.0,0.0,5.9,195.0,1010.2,90.8,,,
17,2009-11-10T17:00:00,6.3,5.6,95.55,0.0,0.0,,,0.0,3.4,204.0,1010.3,93.4,,,
18,2009-11-10T18:00:00,5.9,5.6,98.34,0.337,100.0,rain,0.0,0.0,4.2,192.0,1010.2,66.6,,,
19,2009-11-10T19:00:00,5.9,5.6,98.07,0.022,100.0,rain,0.0,0.0,6.1,200.0,1010.1,66.6,,,
20,2009-11-10T20:00:00,5.9,5.7,98.9,0.0,0.0,,0.0,0.0,3.6,209.0,1010.1,72.5,,,
21,2009-11-10T21:00:00,6.3,5.7,96.19,0.0,0.0,,0.0,0.0,5.2,206.0,1009.3,97.2,,,
22,2009-11-10T22:00:00,6.3,6.1,98.84,0.0,0.0,,0.0,0.0,4.7,210.0,1009.3,95.2,,,
23,2009-11-10T23:00:00,6.3,6.2,98.84,0.0,0.0,,0.0,0.0,5.5,208.0,1009.2,76.8,,,
24,2009-11-11T00:00:00,6.4,6.3,99.1,0.227,100.0,rain,0.0,0.0,5.0,203.0,1009.1,79.6,,,
25,2009-11-11T01:00:00,6.3,6.2,99.24,0.0,0.0,,0.0,0.0,6.5,218.0,1008.3,96.1,,,
26,2009-11-11T02:00:00,6.4,6.2,99.17,0.0,0.0,,0.0,0.0,4.6,230.0,1008.2,82.5,,,
27,2009-11-11T03:00:00,6.3,6.2,99.01,0.0,0.0,,0.0,0.0,3.9,240.0,1008.1,100.0,,,
28,2009-11-11T04:00:00,6.3,6.2,99.5,0.0,0.0,,0.0,0.0,1.0,313.0,1008.1,90.6,,,
29,2009-11-11T05:00:00,6.3,6.1,99.01,0.0,0.0,,0.0,0.0,1.7,301.0,1007.3,100.0,,,
30,2009-11-11T06:00:00,6.3,6.2,99.5,0.075,100.0,rain,0.0,0.0,3.1,63.0,1007.3,95.5,,,
31,2009-11-11T07:00:00,6.3,6.2,99.01,0.0,0.0,,0.0,0.0,2.4,324.0,1007.3,48.7,,,
32,2009-11-11T08:00:00,6.4,6.3,99.5,0.0,0.0,,0.0,0.0,0.7,350.0,1007.3,100.0,,,
33,2009-11-11T09:00:00,6.6,6.5,99.5,0.0,0.0,,0.0,0.0,1.7,281.0,1007.3,64.5,,,
34,2009-11-11T10:00:00,7.4,6.9,96.99,0.0,0.0,,0.0,0.0,3.6,305.0,1007.3,86.5,,,
35,2009-11-11T11:00:00,7.7,6.9,94.61,0.0,0.0,,0.0,0.0,6.5,273.0,1007.3,82.6,,,
36,2009-11-11T12:00:00,8.0,7.1,94.24,0.0,0.0,,0.0,0.0,5.3,169.0,1007.2,,,,
37,2009-11-11T13:00:00,8.1,6.9,92.06,0.0,0.0,,0.0,0.0,4.7,186.0,1007.0,64.5,,,
38,2009-11-11T14:00:00,8.6,7.1,90.38,0.0,0.0,,0.0,0.0,4.2,109.0,1006.1,74.3,,,
39,2009-11-11T15:00:00,8.4,7.2,91.92,0.0,0.0,,0.0,0.0,8.1,110.0,1006.0,77.4,,,
40,2009-11-11T16:00:00,8.4,7.1,91.5,0.0,0.0,,0.0,0.0,9.8,123.0,1005.2,64.5,,,
41,2009-11-11T17:00:00,7.8,6.8,93.3,0.0,0.0,,0.0,0.0,11.8,118.0,1005.0,58.1,,,
42,2009-11-11T18:00:00,7.8,6.7,92.81,0.097,100.0,rain,0.0,0.0,12.6,132.0,1005.0,56.9,,,
43,2009-11-11T19:00:00,7.8,6.9,94.14,0.0,0.0,,0.0,0.0,13.8,138.0,1004.2,97.3,,,
44,2009-11-11T20:00:00,7.8,7.3,96.33,0.0,0.0,,0.0,0.0,16.2,135.0,1004.0,79.4,,,
45,2009-11-11T21:00:00,8.3,7.4,93.92,0.0,0.0,,0.0,0.0,16.5,136.0,1003.0,67.3,,,
46,2009-11-11T22:00:00,8.9,7.6,91.58,0.0,0.0,,0.0,0.0,17.9,151.0,1002.1,75.9,,,
47,2009-11-11T23:00:00,9.0,7.5,90.25,0.0,0.0,,0.0,0.0,21.8,148.0,1001.0,94.3,,,
48,2009-11-12T00:00:00,8.6,7.4,92.2,0.0,0.0,,0.0,0.0,20.3,155.0,1000.9,51.7,,,
49,2009-11-12T01:00:00,8.2,7.4,94.79,0.096,100.0,rain,0.0,0.0,19.4,155.0,1000.0,91.5,,,
50,2009-11-12T02:00:00,8.3,7.7,96.15,0.11,100.0,rain,0.0,0.0,20.4,147.0,998.9,94.3,,,
51,2009-11-12T03:00:00,8.6,8.1,96.65,,100.0,rain,0.0,0.0,16.4,160.0,998.1,88.3,,,
52,2009-11-12T04:00:00,8.9,8.5,97.73,0.0,0.0,,0.0,0.0,12.8,209.0,998.1,89.4,,,
53,2009-11-12T05:00:00,8.4,7.7,95.02,0.0,0.0,,0.0,0.0,14.2,,998.9,27.5,,,
54,2009-11-12T06:00:00,7.7,7.4,98.19,0.743,100.0,rain,0.0,0.0,13.4,240.0,999.0,21.5,,,
55,2009-11-12T07:00:00,7.1,6.8,97.8,0.0,0.0,,0.0,0.0,12.7,233.0,1000.0,0.0,,,
56,2009-11-12T08:00:00,7.7,7.3,97.15,0.0,0.0,,0.0,0.0,14.2,225.0,1001.0,0.0,,,
57,2009-11-12T09:00:00,8.6,8.0,95.93,0.0,0.0,,0.0,0.0,14.1,226.0,1001.9,21.5,,,
58,2009-11-12T10:00:00,10.3,9.0,91.77,0.0,0.0,,0.0,0.0,13.6,228.0,1002.8,0.0,,,
59,2009-11-12T11:00:00,11.3,9.1,86.21,0.0,0.0,,0.0,0.0,14.9,218.0,1002.8,0.0,,,
60,2009-11-12T12:00:00,12.2,9.1,80.9,0.0,0.0,,0.0,0.0,14.7,198.0,1002.0,43.4,,,
61,2009-11-12T13:00:00,13.0,9.7,80.42,0.0,0.0,,0.0,0.0,14.3,186.0,1001.8,20.3,,,
62,2009-11-12T14:00:00,12.8,9.7,81.13,0.0,,,0.0,0.0,18.1,174.0,1001.7,29.4,,,
63,2009-11-12T15:00:00,12.5,10.0,84.77,0.0,0.0,,0.0,0.0,17.3,179.0,1000.9,53.5,,,
64,2009-11-12T16:00:00,12.2,10.0,86.09,0.0,0.0,,0.0,0.0,19.1,179.0,1000.7,52.9,,,
65,2009-11-12T17:00:00,11.8,9.7,86.85,0.0,0.0,,0.0,0.0,20.5,166.0,999.9,58.2,,,
66,2009-11-12T18:00:00,12.2,10.5,88.93,0.0,0.0,,0.0,0.0,24.6,167.0,999.7,76.0,,,
67,2009-11-12T19:00:00,12.1,10.7,91.58,0.0,0.0,,0.0,0.0,24.3,166.0,998.7,75.2,,,
68,2009-11-12T20:00:00,12.3,11.3,93.8,0.044,100.0,rain,0.0,0.0,23.8,173.0,997.8,71.4,,,
69,2009-11-12T21:00:00,12.5,11.4,92.79,0.17,100.0,rain,0.0,0.0,26.1,174.0,996.7,62.9,,,
70,2009-11-12T22:00:00,12.7,11.5,92.65,0.097,100.0,rain,0.0,0.0,31.5,191.0,996.8,90.4,,,
71,2009-11-12T23:00:00,12.7,11.5,92.65,0.353,100.0,rain,0.0,0.0,25.3,217.0,996.8,90.4,,,
72,2009-11-13T00:00:00,12.9,11.2,89.47,2.668,100.0,rain,0.0,0.0,26.3,217.0,997.7,81.2,,,
73,2009-11-13T01:00:00,12.0,10.1,88.28,0.0,0.0,,0.0,0.0,26.8,230.0,997.9,60.8,,,
74,2009-11-13T02:00:00,11.6,9.2,85.0,0.0,0.0,,0.0,0.0,26.5,236.0,998.8,66.2,,,
75,2009-11-13T03:00:00,10.9,9.0,88.25,0.0,0.0,,0.0,0.0,17.7,230.0,998.9,49.9,,,
76,2009-11-13T04:00:00,10.2,8.9,91.89,0.0,0.0,,0.0,0.0,12.9,218.0,998.9,41.6,,,
77,2009-11-13T05:00:00,10.2,9.0,92.61,0.0,0.0,,0.0,0.0,11.1,188.0,999.0,76.4,,,
78,2009-11-13T06:00:00,10.4,9.9,96.3,0.0,0.0,,0.0,0.0,8.5,185.0,999.0,72.0,,,
79,2009-11-13T07:00:00,10.3,9.8,96.59,0.0,0.0,,0.0,0.0,9.0,181.0,999.0,79.1,,,
80,2009-11-13T08:00:00,10.2,10.1,99.04,0.229,100.0,rain,0.0,0.0,7.2,196.0,999.1,96.1,,,
81,2009-11-13T09:00:00,10.1,9.9,99.04,0.155,100.0,rain,0.0,0.0,6.5,186.0,999.8,91.5,,,
82,2009-11-13T10:00:00,10.4,10.2,98.66,0.096,100.0,rain,0.0,0.0,6.1,169.0,999.8,68.8,,,
83,2009-11-13T11:00:00,10.8,10.2,96.24,0.044,100.0,rain,0.0,0.0,9.9,156.0,999.0,91.6,,,
84,2009-11-13T12:00:00,10.9,10.3,96.24,7.238,100.0,rain,0.0,0.0,11.0,156.0,999.1,67.7,,,
85,2009-11-13T13:00:00,10.7,10.1,96.13,0.0,0.0,,0.0,0.0,12.6,140.0,998.9,72.9,,,
86,2009-11-13T14:00:00,10.7,10.5,98.67,0.111,100.0,rain,0.0,0.0,11.8,142.0,998.9,65.4,,,
87,2009-11-13T15:00:00,10.9,10.7,98.66,0.096,100.0,rain,0.0,0.0,12.1,168.0,999.0,78.9,,,
88,2009-11-13T16:00:00,10.8,10.4,97.85,0.022,100.0,rain,0.0,0.0,11.3,166.0,998.8,72.3,,,
89,2009-11-13T17:00:00,11.1,10.8,97.86,0.0,0.0,,0.0,0.0,12.7,159.0,998.8,76.5,,,
90,2009-11-13T18:00:00,12.4,11.6,94.8,2.235,100.0,rain,0.0,0.0,16.5,159.0,997.8,68.7,,,
91,2009-11-13T19:00:00,13.3,12.2,93.01,0.0,0.0,,0.0,0.0,24.6,173.0,996.7,74.1,,,
92,2009-11-13T20:00:00,13.9,12.2,89.36,0.0,0.0,,0.0,0.0,28.2,175.0,,71.7,,,
93,2009-11-13T21:00:00,14.4,11.6,83.19,0.0,0.0,,0.0,0.0,32.7,169.0,995.7,90.0,,,
94,2009-11-13T22:00:00,14.5,10.7,77.91,0.022,100.0,rain,0.0,0.0,34.4,180.0,993.7,63.5,,,
95,2009-11-13T23:00:00,15.0,10.5,74.49,0.0,0.0,,0.0,0.0,34.9,180.0,993.3,63.8,,,
96,2009-11-14T00:00:00,14.4,10.9,79.48,0.0,0.0,,0.0,0.0,33.3,183.0,992.5,70.7,,,
97,2009-11-14T01:00:00,14.3,11.0,80.3,0.0,0.0,,0.0,0.0,31.8,185.0,992.1,71.1,,,
98,2009-11-14T02:00:00,14.3,11.0,80.3,0.0,0.0,,,0.0,32.5,187.0,991.6,76.6,,,
99,2009-11-14T03:00:00,14.4,10.5,77.75,0.0,0.0,,0.0,0.0,35.6,206.0,991.5,85.2,,,
100,2009-11-14T04:00:00,13.7,9.0,72.9,0.0,0.0,,0.0,0.0,38.4,205.0,990.4,90.7,,,
101,2009-11-14T05:00:00,12.8,9.1,78.2,0.0,0.0,,0.0,0.0,39.3,199.0,990.5,83.3,,,
102,2009-11-14T06:00:00,12.2,9.6,84.13,0.0,0.0,,0.0,0.0,33.1,190.0,990.6,82.6,,,
103,2009-11-14T07:00:00,11.4,9.7,89.51,0.044,100.0,rain,0.0,0.0,28.7,192.0,990.7,69.9,,,
104,2009-11-14T08:00:00,10.9,8.5,84.78,0.0,0.0,,0.0,0.0,31.3,207.0,991.4,57.8,,,
105,2009-11-14T09:00:00,10.7,8.6,87.07,0.0,0.0,,0.0,0.0,26.4,194.0,991.6,43.5,,,
106,2009-11-14T10:00:00,10.1,8.0,86.9,0.207,100.0,rain,0.0,0.0,33.3,204.0,992.4,73.5,,,
107,2009-11-14T11:00:00,10.8,8.0,83.17,0.0,0.0,,0.0,0.0,33.2,200.0,991.6,52.1,,,
108,2009-11-14T12:00:00,13.1,8.3,73.03,4.534,100.0,rain,0.0,0.0,39.8,189.0,990.5,53.6,,,
109,2009-11-14T13:00:00,12.7,8.7,76.92,0.0,0.0,,0.0,0.0,40.2,194.0,989.4,73.8,,,
110,2009-11-14T14:00:00,11.0,9.8,92.34,0.081,100.0,rain,0.0,0.0,37.2,190.0,988.7,87.0,,,
111,2009-11-14T15:00:00,11.8,9.6,86.9,0.059,100.0,rain,0.0,0.0,43.5,196.0,987.7,60.7,,,
112,2009-11-14T16:00:00,11.7,8.4,79.83,0.044,100.0,rain,0.0,0.0,46.8,220.0,988.5,71.0,,,
113,2009-11-14T17:00:00,11.2,7.3,76.83,0.0,0.0,,0.0,0.0,50.1,230.0,989.5,89.5,,,
114,2009-11-14T18:00:00,11.1,7.3,77.84,2.76,100.0,rain,0.0,0.0,44.6,232.0,992.5,92.2,,,
115,2009-11-14T19:00:00,9.9,7.8,86.84,0.0,0.0,,0.0,0.0,37.8,239.0,994.6,91.5,,,
116,2009-11-14T20:00:00,10.1,6.9,80.56,0.0,0.0,,0.0,0.0,37.3,252.0,997.8,85.6,,,
117,2009-11-14T21:00:00,9.2,5.8,79.58,0.0,0.0,,0.0,0.0,30.0,246.0,999.9,75.5,,,
118,2009-11-14T22:00:00,8.3,5.5,82.08,0.0,0.0,,0.0,0.0,24.7,236.0,1001.9,52.4,,,
119,2009-11-14T23:00:00,7.9,5.0,82.3,0.0,0.0,,0.0,0.0,20.4,229.0,1003.0,21.5,,,
120,2009-11-15T00:00:00,7.4,5.0,84.65,0.0,0.0,,0.0,0.0,14.4,213.0,1003.9,4.8,,,
121,2009-11-15T01:00:00,6.9,5.0,87.84,0.0,0.0,,0.0,0.0,10.4,196.0,1004.0,24.9,,,
122,2009-11-15T02:00:00,7.5,5.3,86.41,0.0,0.0,,0.0,0.0,13.9,178.0,1003.9,59.5,,,
123,2009-11-15T03:00:00,7.7,5.8,87.73,0.0,0.0,,0.0,0.0,13.5,166.0,1003.9,87.2,,,
124,2009-11-15T04:00:00,8.1,7.0,92.93,0.0,0.0,,0.0,0.0,13.2,169.0,1003.9,60.3,,,
125,2009-11-15T05:00:00,9.0,8.3,94.99,0.036,100.0,rain,0.0,0.0,13.2,197.0,1003.9,89.5,,,
126,2009-11-15T06:00:00,8.6,8.4,98.37,2.527,100.0,rain,0.0,0.0,11.3,205.0,1003.9,51.7,,,
127,2009-11-15T07:00:00,8.5,8.3,99.02,0.132,100.0,rain,0.0,0.0,9.2,184.0,1003.9,50.6,,,
128,2009-11-15T08:00:00,8.5,,99.06,0.0,0.0,,0.0,0.0,8.6,175.0,1003.9,81.0,,,
129,2009-11-15T09:00:00,9.0,8.5,96.9,0.0,0.0,,0.0,0.0,10.1,190.0,1003.9,85.2,,,
130,2009-11-15T10:00:00,10.0,9.6,97.69,0.0,0.0,,0.0,0.0,16.6,209.0,1004.0,45.3,,,
131,2009-11-15T11:00:00,11.5,9.9,89.82,0.0,0.0,,0.0,0.0,19.1,217.0,1004.9,27.2,,,
132,2009-11-15T12:00:00,12.4,9.8,84.16,3.379,100.0,rain,0.0,0.0,21.0,226.0,1004.0,49.5,,,
133,2009-11-15T13:00:00,12.9,9.5,79.61,0.0,0.0,,0.0,0.0,21.9,227.0,1004.0,42.3,,,
134,2009-11-15T14:00:00,12.7,9.0,77.85,0.0,0.0,,0.0,0.0,20.0,220.0,1004.0,18.8,,,
135,2009-11-15T15:00:00,12.4,8.9,79.27,0.0,0.0,,0.0,0.0,15.2,220.0,1004.1,13.7,,,
136,2009-11-15T16:00:00,11.0,8.3,83.88,0.0,0.0,,0.0,0.0,11.6,217.0,1004.9,0.0,,,
137,2009-11-15T17:00:00,10.1,8.2,87.9,0.0,0.0,,0.0,0.0,10.4,190.0,1005.1,10.6,,,
138,2009-11-15T18:00:00,9.8,8.2,89.82,0.0,0.0,,0.0,0.0,11.2,187.0,1005.9,0.0,,,
139,2009-11-15T19:00:00,9.0,8.1,94.1,0.0,0.0,,0.0,0.0,11.3,179.0,1005.1,18.4,,,
140,2009-11-15T20:00:00,8.8,8.2,95.51,0.0,0.0,,0.0,0.0,12.0,179.0,1006.0,18.3,,,
141,2009-11-15T21:00:00,8.4,8.1,97.77,0.0,0.0,,0.0,0.0,13.2,176.0,1006.0,46.2,,,
142,2009-11-15T22:00:00,8.1,7.9,98.63,0.0,0.0,,0.0,0.0,9.9,173.0,1006.0,67.0,,,
143,2009-11-15T23:00:00,8.2,8.0,98.72,0.0,0.0,,0.0,0.0,10.4,162.0,1006.0,51.9,,,
144,2009-11-16T00:00:00,8.1,7.4,95.26,0.0,0.0,,0.0,0.0,10.0,142.0,1005.0,56.4,,,
145,2009-11-16T01:00:00,8.1,7.7,97.72,0.0,0.0,,0.0,0.0,8.7,135.0,1004.9,38.5,,,
146,2009-11-16T02:00:00,8.6,8.3,98.21,0.0,0.0,,0.0,0.0,11.1,134.0,1003.9,73.4,,,
147,2009-11-16T03:00:00,9.1,8.6,96.4,0.0,0.0,,0.0,0.0,12.3,120.0,1003.0,77.0,,,
148,2009-11-16T04:00:00,9.6,9.5,99.25,0.0,0.0,,0.0,0.0,16.3,131.0,1002.0,46.2,,,
149,2009-11-16T05:00:00,10.1,9.5,96.33,0.0,0.0,,0.0,0.0,19.4,124.0,1000.8,60.0,,,
150,2009-11-16T06:00:00,10.2,9.6,96.12,0.142,100.0,rain,0.0,0.0,26.4,132.0,998.8,70.8,,,
151,2009-11-16T07:00:00,10.3,10.2,99.52,0.0,0.0,,0.0,0.0,27.5,135.0,997.8,75.9,,,
152,2009-11-16T08:00:00,10.5,10.4,99.04,0.044,100.0,rain,0.0,0.0,26.5,147.0,996.7,97.2,,,
153,2009-11-16T09:00:00,11.4,11.3,99.52,0.0,0.0,,0.0,0.0,22.5,166.0,995.7,76.8,,,
154,2009-11-16T10:00:00,12.6,12.2,97.39,0.059,100.0,rain,0.0,0.0,23.8,197.0,995.6,50.1,,,
155,2009-11-16T11:00:00,13.3,10.8,85.1,0.022,100.0,rain,0.0,0.0,32.8,216.0,995.5,61.4,,,
156,2009-11-16T12:00:00,13.1,8.7,74.86,4.529,100.0,rain,0.0,0.0,41.7,231.0,996.5,80.1,,,
157,2009-11-16T13:00:00,12.6,7.7,72.12,0.0,0.0,,0.0,0.0,43.2,249.0,996.8,65.7,,,
158,2009-11-16T14:00:00,13.1,7.1,67.31,0.0,0.0,,0.0,0.0,39.1,244.0,998.6,39.3,,,
159,2009-11-16T15:00:00,12.3,6.7,68.38,0.0,0.0,,0.0,0.0,29.9,227.0,998.7,42.2,,,
160,2009-11-16T16:00:00,11.7,6.8,71.89,0.0,0.0,,0.0,0.0,26.8,214.0,998.8,41.8,,,
161,2009-11-16T17:00:00,11.5,7.3,75.54,0.0,0.0,,0.0,0.0,29.5,213.0,999.6,59.5,,,
162,2009-11-16T18:00:00,11.8,,77.29,0.0,0.0,,0.0,0.0,30.3,218.0,999.5,38.5,,,
163,2009-11-16T19:00:00,11.1,7.7,79.31,0.0,0.0,,0.0,0.0,27.9,219.0,1000.7,47.8,,,
164,2009-11-16T20:00:00,11.2,7.9,79.95,0.0,0.0,,0.0,0.0,31.1,234.0,1000.9,16.0,,,
165,2009-11-16T21:00:00,10.4,7.1,79.83,0.0,0.0,,0.0,0.0,30.6,232.0,1001.9,28.8,,,
166,2009-11-16T22:00:00,10.2,6.8,79.45,0.0,0.0,,0.0,0.0,25.6,229.0,1002.7,34.2,,,
167,2009-11-16T23:00:00,9.7,6.8,81.81,0.0,0.0,,0.0,0.0,27.6,225.0,1002.9,35.7,,,
168,2009-11-17T00:00:00,9.6,6.9,83.48,0.0,0.0,,0.0,0.0,26.3,225.0,1002.9,29.4,,,
169,2009-11-17T01:00:00,9.5,6.7,82.44,0.0,0.0,,0.0,0.0,25.9,223.0,1003.7,52.6,,,
170,2009-11-17T02:00:00,9.6,7.3,85.42,0.0,0.0,,0.0,0.0,23.5,215.0,1003.8,47.8,,,
171,2009-11-17T03:00:00,9.1,7.4,89.04,0.0,0.0,,0.0,0.0,21.8,217.0,1003.9,7.7,,,
172,2009-11-17T04:00:00,9.5,7.3,86.16,0.0,0.0,,0.0,0.0,20.5,224.0,1003.8,6.6,,,
173,2009-11-17T05:00:00,9.0,7.3,89.16,0.0,0.0,,0.0,0.0,17.7,215.0,1003.8,25.8,,,
174,2009-11-17T06:00:00,8.8,7.3,90.09,0.0,0.0,,0.0,0.0,16.3,219.0,1003.9,16.7,,,
175,2009-11-17T07:00:00,8.5,7.3,91.76,0.0,0.0,,0.0,0.0,18.5,220.0,1004.0,5.7,,,
176,2009-11-17T08:00:00,8.5,6.8,88.77,0.0,0.0,,0.0,0.0,16.8,222.0,1004.9,32.5,,,
177,2009-11-17T09:00:00,8.7,7.2,90.36,0.0,0.0,,0.0,0.0,16.4,231.0,1005.0,35.7,,,
178,2009-11-17T10:00:00,10.3,7.6,83.39,0.0,0.0,,0.0,0.0,20.6,230.0,1006.0,71.5,,,
179,2009-11-17T11:00:00,10.8,7.2,78.5,0.0,0.0,,0.0,0.0,21.9,237.0,1006.1,68.8,,,
180,2009-11-17T12:00:00,11.7,7.1,73.13,0.0,0.0,,0.0,0.0,23.3,239.0,1006.0,21.5,,,
181,2009-11-17T13:00:00,12.3,6.6,68.15,0.0,0.0,,0.0,0.0,27.5,239.0,1006.0,25.8,,,
182,2009-11-17T14:00:00,12.2,6.1,66.32,0.0,0.0,,0.0,0.0,26.0,241.0,1006.1,41.0,,,
183,2009-11-17T15:00:00,11.5,5.9,68.47,0.0,0.0,,0.0,0.0,23.6,237.0,1006.8,48.4,,,
184,2009-11-17T16:00:00,10.6,5.6,71.37,0.0,0.0,,0.0,0.0,20.8,235.0,1007.0,18.6,,,
185,2009-11-17T17:00:00,10.0,5.6,74.18,0.0,0.0,,0.0,0.0,18.8,225.0,1007.9,17.5,,,
186,2009-11-17T18:00:00,9.7,5.4,74.43,0.0,0.0,,0.0,0.0,19.2,217.0,1008.0,0.0,,,
187,2009-11-17T19:00:00,9.7,5.9,76.93,0.0,0.0,,0.0,0.0,23.1,213.0,1008.7,14.8,,,
188,2009-11-17T20:00:00,9.7,6.7,81.43,0.0,0.0,,0.0,0.0,24.5,213.0,1008.8,0.0,,,
189,2009-11-17T21:00:00,9.6,7.1,84.29,0.0,0.0,,0.0,0.0,24.1,211.0,1008.9,0.0,,,
190,2009-11-17T22:00:00,9.7,7.2,84.12,0.0,0.0,,0.0,0.0,24.6,213.0,1008.9,6.6,,,
191,2009-11-17T23:00:00,10.1,7.4,83.07,0.0,0.0,,0.0,0.0,27.5,216.0,1008.8,45.6,,,
192,2009-11-18T00:00:00,10.6,7.5,81.07,0.0,0.0,,0.0,0.0,28.5,213.0,1008.8,55.6,,,
193,2009-11-18T01:00:00,10.7,7.5,80.62,0.0,0.0,,0.0,0.0,27.5,212.0,1008.7,37.9,,,
194,2009-11-18T02:00:00,10.6,8.0,83.65,0.0,0.0,,0.0,0.0,29.6,213.0,1007.8,24.0,,,
195,2009-11-18T03:00:00,10.8,8.0,82.65,0.0,0.0,,0.0,0.0,31.6,212.0,1006.9,62.7,,,
196,2009-11-18T04:00:00,11.5,8.3,80.5,0.0,0.0,,0.0,0.0,34.0,213.0,1006.6,48.8,,,
197,2009-11-18T05:00:00,11.7,8.4,79.74,0.0,0.0,,0.0,0.0,40.4,216.0,1005.7,78.3,,,
198,2009-11-18T06:00:00,12.4,8.3,75.95,0.0,0.0,,0.0,0.0,39.7,220.0,1005.5,73.5,,,
199,2009-11-18T07:00:00,12.6,8.2,74.76,0.0,0.0,,0.0,0.0,42.7,219.0,1004.6,87.9,,,
200,2009-11-18T08:00:00,13.0,8.8,75.66,0.0,0.0,,0.0,0.0,43.9,225.0,1004.6,82.3,,,
201,2009-11-18T09:00:00,13.3,8.8,74.2,0.0,0.0,,0.0,0.0,46.0,222.0,1004.6,84.7,,,
202,2009-11-18T10:00:00,13.4,9.0,74.94,0.0,0.0,,0.0,0.0,44.0,229.0,1004.8,92.4,,,
203,2009-11-18T11:00:00,13.6,9.7,77.41,0.0,0.0,,0.0,0.0,47.2,231.0,1005.7,89.4,,,
204,2009-11-18T12:00:00,13.6,10.1,79.1,0.0,0.0,,0.0,0.0,43.0,233.0,1006.7,100.0,,,
205,2009-11-18T13:00:00,13.6,10.9,83.75,0.0,0.0,,0.0,0.0,43.5,236.0,1007.6,98.1,,,
206,2009-11-18T14:00:00,13.7,10.8,83.18,0.0,0.0,,0.0,0.0,40.2,240.0,1008.7,90.4,,,
207,2009-11-18T15:00:00,14.0,10.2,78.13,0.0,0.0,,0.0,0.0,35.7,239.0,1009.8,89.5,,,
208,2009-11-18T16:00:00,13.5,9.9,79.29,0.0,0.0,,0.0,0.0,33.4,239.0,1010.0,89.5,,,
209,2009-11-18T17:00:00,13.1,10.0,81.61,0.0,0.0,,0.0,0.0,31.5,237.0,1010.6,91.5,,,
210,2009-11-18T18:00:00,13.3,9.5,77.99,0.0,0.0,,0.0,0.0,26.8,228.0,1010.7,81.3,,,
211,2009-11-18T19:00:00,13.0,9.3,78.19,0.0,0.0,,0.0,0.0,29.6,224.0,1011.5,55.1,,,
212,2009-11-18T20:00:00,12.7,9.1,78.76,0.0,0.0,,0.0,0.0,30.7,228.0,1011.5,46.7,,,
213,2009-11-18T21:00:00,12.6,9.2,80.03,0.0,0.0,,0.0,0.0,29.9,229.0,1011.6,87.4,,,
214,2009-11-18T22:00:00,12.8,9.4,80.1,0.0,0.0,,0.0,0.0,32.9,227.0,1011.6,73.8,,,
215,2009-11-18T23:00:00,12.7,9.4,80.33,0.0,0.0,,0.0,0.0,28.5,219.0,1011.6,70.7,,,
216,2009-11-19T00:00:00,12.7,9.3,79.79,0.0,0.0,,0.0,0.0,32.1,216.0,1011.6,65.4,,,
217,2009-11-19T01:00:00,12.7,9.4,80.33,0.0,0.0,,0.0,0.0,30.3,215.0,1011.5,60.6,,,
218,2009-11-19T02:00:00,13.1,9.3,77.82,0.0,0.0,,0.0,0.0,30.1,212.0,1010.7,80.9,,,
219,2009-11-19T03:00:00,13.1,9.3,77.82,0.0,0.0,,0.0,0.0,31.6,217.0,1011.6,71.9,,,
220,2009-11-19T04:00:00,12.6,9.5,81.56,0.0,0.0,,0.0,0.0,28.5,212.0,1011.6,70.8,,,
221,2009-11-19T05:00:00,12.5,10.0,84.81,0.0,0.0,,0.0,0.0,28.9,205.0,1010.7,70.4,,,
222,2009-11-19T06:00:00,12.5,10.0,84.98,0.0,0.0,,0.0,0.0,31.1,206.0,1010.6,83.0,,,
223,2009-11-19T07:00:00,12.7,10.0,83.72,0.0,0.0,,0.0,0.0,31.7,211.0,1010.6,96.3,,,
224,2009-11-19T08:00:00,12.5,9.8,83.59,0.0,0.0,,0.0,,33.4,212.0,1010.7,80.8,,,
225,2009-11-19T09:00:00,12.5,9.1,80.0,0.0,0.0,,0.0,0.0,34.7,211.0,1011.5,82.2,,,
226,2009-11-19T10:00:00,13.1,8.9,75.95,0.0,0.0,,0.0,0.0,35.2,212.0,1010.6,77.4,,,
227,2009-11-19T11:00:00,13.2,9.2,76.46,0.0,0.0,,0.0,0.0,35.8,206.0,1011.4,87.7,,,
228,2009-11-19T12:00:00,13.9,8.9,71.91,0.0,0.0,,0.0,0.0,36.6,203.0,1010.4,64.3,,,
229,2009-11-19T13:00:00,14.0,8.5,69.21,0.0,0.0,,0.0,0.0,34.2,203.0,1009.9,64.6,,,
230,2009-11-19T14:00:00,13.9,7.4,64.85,0.0,0.0,,0.0,0.0,33.2,209.0,1010.4,30.0,,,
231,2009-11-19T15:00:00,12.5,7.5,71.35,0.0,0.0,,0.0,0.0,31.3,206.0,1009.8,0.0,,,
232,2009-11-19T16:00:00,11.6,7.7,77.01,0.0,0.0,,0.0,0.0,26.9,199.0,1009.8,0.0,,,
233,2009-11-19T17:00:00,11.5,7.9,78.46,0.0,0.0,,0.0,0.0,23.6,197.0,1009.8,0.0,,,
234,2009-11-19T18:00:00,11.4,8.2,80.7,0.0,0.0,,0.0,0.0,22.7,197.0,1009.8,0.0,,,
235,2009-11-19T19:00:00,11.5,8.2,80.16,0.0,0.0,,0.0,0.0,24.1,196.0,1009.8,0.0,,,
236,2009-11-19T20:00:00,11.6,8.4,81.06,0.0,0.0,,0.0,0.0,23.8,197.0,1009.8,0.0,,,
237,2009-11-19T21:00:00,11.8,8.7,81.41,0.0,0.0,,0.0,0.0,24.4,190.0,1009.6,0.0,,,
238,2009-11-19T22:00:00,12.3,9.3,81.61,0.0,0.0,,0.0,0.0,24.7,193.0,1008.8,35.9,,,
239,2009-11-19T23:00:00,12.5,9.1,79.59,0.0,0.0,,0.0,0.0,27.1,195.0,1008.7,0.0,,,
240,2009-11-20T00:00:00,12.5,8.4,75.83,0.0,0.0,,0.0,0.0,24.9,187.0,1007.9,,,,
241,2009-11-20T01:00:00,12.6,9.0,78.6,0.0,0.0,,0.0,0.0,28.4,191.0,1007.8,0.0,,,
242,2009-11-20T02:00:00,12.5,8.9,78.97,0.0,0.0,,0.0,0.0,26.0,190.0,1007.6,21.8,,,
243,2009-11-20T03:00:00,12.6,9.2,79.62,0.0,0.0,,0.0,0.0,26.6,189.0,1007.5,93.4,,,
244,2009-11-20T04:00:00,12.8,9.2,78.84,0.0,0.0,,0.0,0.0,25.9,188.0,1006.6,87.6,,,
245,2009-11-20T05:00:00,12.8,9.3,78.81,0.0,0.0,,0.0,0.0,27.3,196.0,1006.7,91.1,,,
246,2009-11-20T06:00:00,13.3,9.6,77.83,0.0,0.0,,0.0,0.0,31.2,198.0,1006.7,89.8,,,
247,2009-11-20T07:00:00,13.3,10.5,82.84,0.0,0.0,,0.0,0.0,30.7,198.0,1006.8,90.4,,,
248,2009-11-20T08:00:00,12.8,11.5,91.8,0.0,0.0,,0.0,0.0,26.1,196.0,1007.8,88.9,,,
249,2009-11-20T09:00:00,12.8,11.9,94.32,0.0,0.0,,0.0,0.0,27.0,202.0,1007.9,87.9,,,
250,2009-11-20T10:00:00,13.5,12.3,92.59,0.0,0.0,,0.0,0.0,29.4,211.0,1008.8,85.2,,,
251,2009-11-20T11:00:00,14.0,12.4,90.03,0.0,0.0,,0.0,0.0,28.7,209.0,1009.8,75.1,,,
252,2009-11-20T12:00:00,13.9,12.5,91.48,1.637,100.0,rain,0.0,0.0,26.2,223.0,1010.0,83.3,,,
253,2009-11-20T13:00:00,13.5,12.1,90.98,0.133,100.0,rain,0.0,0.0,25.8,221.0,1010.8,61.7,,,
254,2009-11-20T14:00:00,13.9,11.7,86.64,0.022,100.0,rain,0.0,0.0,24.8,236.0,1011.7,42.3,,,
255,2009-11-20T15:00:00,13.4,10.7,84.23,0.0,0.0,,0.0,0.0,20.4,233.0,1012.8,55.2,,,
256,2009-11-20T16:00:00,12.6,10.1,84.93,0.0,0.0,,0.0,0.0,17.6,229.0,1013.8,52.4,,,
257,2009-11-20T17:00:00,11.5,9.4,87.38,0.0,0.0,,0.0,0.0,14.8,226.0,1014.9,34.2,,,
258,2009-11-20T18:00:00,10.6,9.0,90.24,0.0,0.0,,0.0,0.0,10.5,220.0,1016.0,3.5,,,
259,2009-11-20T19:00:00,10.0,9.1,94.24,0.0,0.0,,0.0,0.0,10.8,219.0,1017.1,2.7,,,
260,2009-11-20T20:00:00,9.5,8.7,94.65,0.0,0.0,,0.0,0.0,11.4,215.0,1018.0,2.7,,,
261,2009-11-20T21:00:00,9.3,8.6,95.56,0.0,0.0,,0.0,0.0,10.3,206.0,1018.8,2.7,,,
262,2009-11-20T22:00:00,9.3,8.6,95.56,0.0,0.0,,0.0,0.0,8.7,197.0,1019.0,0.0,,,
263,2009-11-20T23:00:00,8.7,8.2,96.77,0.0,0.0,,0.0,0.0,8.2,188.0,1019.8,4.8,,,
264,2009-11-21T00:00:00,8.2,8.2,99.61,0.0,0.0,,0.0,0.0,7.2,172.0,1019.8,35.1,,,
265,2009-11-21T01:00:00,8.3,8.3,100.0,0.0,0.0,,0.0,0.0,9.5,178.0,1020.0,35.7,,,
266,2009-11-21T02:00:00,8.5,8.5,100.0,0.0,0.0,,0.0,0.0,8.8,158.0,1019.9,70.3,,,
267,2009-11-21T03:00:00,9.1,9.0,99.62,0.0,0.0,,0.0,0.0,10.8,148.0,1019.0,83.9,,,
268,2009-11-21T04:00:00,9.5,9.5,100.0,0.0,0.0,,0.0,0.0,11.8,137.0,1018.9,90.7,,,
269,2009-11-21T05:00:00,9.7,9.7,100.0,0.0,0.0,,0.0,0.0,11.3,139.0,1018.0,89.5,,,
270,2009-11-21T06:00:00,10.5,10.4,99.62,0.329,100.0,rain,0.0,0.0,14.5,144.0,1017.7,83.7,,,
271,2009-11-21T07:00:00,11.4,11.4,100.0,0.0,0.0,,0.0,0.0,15.5,161.0,1016.8,84.6,,,
272,2009-11-21T08:00:00,12.1,12.1,100.0,0.0,0.0,,0.0,0.0,13.8,178.0,1016.8,89.4,,,
273,2009-11-21T09:00:00,12.9,12.4,96.75,0.0,0.0,,0.0,0.0,17.4,178.0,1016.7,79.8,,,
274,2009-11-21T10:00:00,13.2,12.6,96.26,0.0,0.0,,0.0,0.0,20.7,172.0,1015.7,85.6,,,
275,2009-11-21T11:00:00,13.3,12.7,95.73,0.0,0.0,,0.0,0.0,19.8,171.0,,92.4,,,
276,2009-11-21T12:00:00,13.6,12.4,92.2,0.0,0.0,,0.0,0.0,19.1,161.0,1013.7,75.9,,,
277,2009-11-21T13:00:00,14.3,12.4,88.76,0.0,0.0,,0.0,0.0,22.0,151.0,1012.6,60.9,,,
278,2009-11-21T14:00:00,14.4,12.3,86.92,0.0,0.0,,0.0,0.0,23.8,160.0,1011.5,68.7,,,
279,2009-11-21T15:00:00,14.2,11.8,85.76,0.0,0.0,,0.0,0.0,22.5,167.0,1010.4,90.0,,,
280,2009-11-21T16:00:00,13.6,11.4,86.45,0.0,0.0,,0.0,0.0,23.4,180.0,1009.8,90.7,,,
281,2009-11-21T17:00:00,13.6,11.2,85.4,0.0,0.0,,0.0,0.0,21.8,173.0,1008.7,81.0,,,
282,2009-11-21T18:00:00,13.2,11.5,89.09,0.142,100.0,rain,0.0,0.0,24.8,179.0,1007.8,82.9,,,
283,2009-11-21T19:00:00,12.4,12.0,97.49,0.044,100.0,rain,0.0,0.0,25.6,186.0,1007.7,76.5,,,
284,2009-11-21T20:00:00,12.4,11.6,94.87,0.022,100.0,rain,0.0,0.0,26.5,186.0,1006.6,88.8,,,
285,2009-11-21T21:00:00,12.5,11.5,94.07,0.096,100.0,rain,0.0,0.0,26.3,181.0,1005.7,86.7,,,
286,2009-11-21T22:00:00,12.5,11.9,96.16,0.0,0.0,,0.0,0.0,26.5,184.0,1004.8,84.7,,,
287,2009-11-21T23:00:00,12.6,12.1,97.22,0.044,100.0,rain,0.0,0.0,30.0,203.0,1004.0,85.9,,,
288,2009-11-22T00:00:00,12.1,10.9,92.32,2.982,100.0,rain,0.0,0.0,24.0,216.0,1004.7,72.4,,,
289,2009-11-22T01:00:00,11.5,10.4,92.75,0.0,0.0,,0.0,0.0,20.0,212.0,1003.9,55.0,,,
290,2009-11-22T02:00:00,11.2,10.2,93.65,0.0,0.0,,0.0,0.0,19.2,199.0,1003.7,51.9,,,
291,2009-11-22T03:00:00,11.2,9.7,90.36,0.0,0.0,,0.0,0.0,22.0,202.0,1002.9,49.7,,,
292,2009-11-22T04:00:00,10.9,9.0,88.09,0.0,0.0,,0.0,0.0,19.2,202.0,1002.7,44.3,,,
293,2009-11-22T05:00:00,10.3,7.9,85.28,0.0,0.0,,0.0,0.0,24.9,207.0,1002.7,67.1,,,
294,2009-11-22T06:00:00,9.5,7.6,88.18,1.154,100.0,rain,0.0,0.0,24.5,201.0,1001.8,51.9,,,
295,2009-11-22T07:00:00,9.3,7.5,88.0,0.0,0.0,,0.0,0.0,24.4,211.0,1001.8,24.5,,,
296,2009-11-22T08:00:00,9.1,7.0,86.36,0.0,0.0,,0.0,0.0,26.7,205.0,1001.9,42.5,,,
297,2009-11-22T09:00:00,9.4,6.9,84.36,0.0,0.0,,0.0,0.0,26.1,206.0,1001.8,30.0,,,
298,2009-11-22T10:00:00,10.2,7.4,83.16,0.0,0.0,,0.0,0.0,27.8,199.0,1001.6,10.9,,,
299,2009-11-22T11:00:00,11.2,7.8,79.65,0.0,0.0,,0.0,0.0,30.5,196.0,1000.7,30.4,,,
300,2009-11-22T12:00:00,11.3,7.9,,0.284,100.0,rain,0.0,0.0,28.9,186.0,998.7,72.0,,,
301,2009-11-22T13:00:00,9.0,7.5,90.36,0.096,100.0,rain,0.0,0.0,34.6,205.0,996.8,86.7,,,
302,2009-11-22T14:00:00,9.3,7.5,88.34,0.191,100.0,rain,0.0,0.0,28.2,207.0,995.8,40.2,,,
303,2009-11-22T15:00:00,9.7,6.4,80.33,0.0,0.0,,0.0,0.0,35.6,230.0,996.6,45.2,,,
304,2009-11-22T16:00:00,8.9,5.4,78.29,0.0,0.0,,0.0,0.0,31.6,228.0,996.7,6.3,,,
305,2009-11-22T17:00:00,9.5,5.2,74.4,0.0,0.0,,0.0,0.0,32.8,222.0,996.7,52.6,,,
306,2009-11-22T18:00:00,9.3,4.7,73.05,3.266,100.0,rain,0.0,0.0,34.2,227.0,996.7,57.4,,,
307,2009-11-22T19:00:00,8.8,4.4,74.05,0.0,0.0,,0.0,0.0,36.3,229.0,996.8,35.0,,,
308,2009-11-22T20:00:00,8.7,4.5,74.72,0.0,0.0,,0.0,0.0,34.9,225.0,996.7,61.4,,,
309,2009-11-22T21:00:00,8.7,4.5,75.22,0.0,0.0,,0.0,0.0,33.4,224.0,996.6,82.7,,,
310,2009-11-22T22:00:00,8.7,4.6,75.92,0.0,0.0,,0.0,0.0,36.0,229.0,996.6,55.9,,,
311,2009-11-22T23:00:00,8.7,4.7,76.15,0.0,0.0,,0.0,0.0,33.9,229.0,996.6,69.3,,,
312,2009-11-23T00:00:00,8.7,4.7,75.98,0.0,0.0,,0.0,0.0,36.5,232.0,995.8,59.0,,,
313,2009-11-23T01:00:00,8.5,4.4,75.5,0.0,0.0,,0.0,0.0,37.9,236.0,996.6,62.0,,,
314,2009-11-23T02:00:00,8.2,4.3,76.27,0.0,0.0,,0.0,0.0,36.9,240.0,996.8,38.3,,,
315,2009-11-23T03:00:00,7.9,4.3,78.11,0.0,0.0,,0.0,0.0,34.2,235.0,996.8,38.3,,,
316,2009-11-23T04:00:00,7.9,4.5,79.11,0.0,0.0,,0.0,0.0,35.9,,996.7,43.7,,,
317,2009-11-23T05:00:00,8.1,,78.71,0.0,0.0,,0.0,0.0,33.6,232.0,996.7,45.6,,,
318,2009-11-23T06:00:00,8.5,6.0,84.11,0.0,0.0,,0.0,0.0,33.4,236.0,996.6,64.8,,,
319,2009-11-23T07:00:00,9.0,6.9,87.05,0.0,0.0,,0.0,0.0,29.3,236.0,995.8,82.2,,,
320,2009-11-23T08:00:00,9.3,8.4,94.56,0.0,0.0,,0.0,0.0,24.8,222.0,995.6,74.3,,,
321,2009-11-23T09:00:00,9.8,9.0,94.94,0.037,100.0,rain,0.0,0.0,24.4,237.0,995.7,84.2,,,
322,2009-11-23T10:00:00,10.6,9.7,94.6,0.0,0.0,,0.0,0.0,23.4,239.0,994.8,58.3,,,
323,2009-11-23T11:00:00,11.7,10.2,90.07,0.0,0.0,,0.0,0.0,29.1,239.0,994.7,82.2,,,
324,2009-11-23T12:00:00,12.4,10.8,89.77,1.913,100.0,rain,0.0,0.0,30.5,239.0,994.5,81.0,,,
325,2009-11-23T13:00:00,12.6,10.8,88.87,0.0,0.0,,0.0,0.0,30.6,230.0,993.5,76.4,,,
326,2009-11-23T14:00:00,12.7,10.9,89.17,0.0,0.0,,0.0,0.0,36.5,235.0,992.4,72.9,,,
327,2009-11-23T15:00:00,12.5,9.3,80.54,0.0,0.0,,0.0,0.0,42.4,253.0,991.8,53.9,,,
328,2009-11-23T16:00:00,11.7,8.1,79.02,0.081,100.0,rain,0.0,0.0,39.7,271.0,993.2,61.7,,,
329,2009-11-23T17:00:00,10.8,7.3,78.76,0.0,0.0,,0.0,0.0,30.4,269.0,995.8,31.8,,,
330,2009-11-23T18:00:00,10.5,7.4,81.15,0.0,0.0,,0.0,0.0,27.0,264.0,997.0,68.7,,,
331,2009-11-23T19:00:00,10.0,7.2,83.1,0.0,0.0,,0.0,0.0,30.9,261.0,998.1,58.0,,,
332,2009-11-23T20:00:00,9.3,6.3,81.56,0.0,0.0,,0.0,0.0,33.1,257.0,999.9,32.9,,,
333,2009-11-23T21:00:00,9.5,6.5,81.55,0.0,0.0,,0.0,0.0,28.9,252.0,1000.9,58.0,,,
334,2009-11-23T22:00:00,8.9,6.4,84.71,0.0,0.0,,0.0,0.0,26.7,246.0,1001.8,23.8,,,
335,2009-11-23T23:00:00,8.8,6.4,85.21,0.0,0.0,,0.0,0.0,25.5,249.0,1002.8,0.0,,,
336,2009-11-24T00:00:00,8.4,5.9,84.31,0.0,0.0,,0.0,0.0,23.1,239.0,1003.9,0.0,,,
337,2009-11-24T01:00:00,7.9,6.0,87.98,0.0,0.0,,0.0,0.0,20.4,235.0,1004.0,25.4,,,
338,2009-11-24T02:00:00,7.6,6.4,92.19,0.0,0.0,,0.0,0.0,21.4,236.0,1004.9,21.4,,,
339,2009-11-24T03:00:00,8.1,6.5,89.23,0.0,0.0,,0.0,0.0,19.3,229.0,1004.9,81.7,,,
340,2009-11-24T04:00:00,8.5,6.7,88.13,0.0,0.0,,0.0,0.0,17.0,226.0,1004.9,95.5,,,
341,2009-11-24T05:00:00,8.8,7.1,89.1,0.0,0.0,,0.0,0.0,20.7,229.0,1004.9,88.8,,,
342,2009-11-24T06:00:00,9.0,7.7,91.27,0.231,100.0,rain,0.0,0.0,18.9,219.0,1004.9,74.4,,,
343,2009-11-24T07:00:00,9.0,8.3,95.79,0.022,100.0,rain,0.0,0.0,16.2,208.0,1004.8,93.3,,,
344,2009-11-24T08:00:00,10.4,9.8,96.65,0.075,100.0,rain,0.0,0.0,22.1,222.0,1004.8,93.3,,,
345,2009-11-24T09:00:00,12.2,10.3,88.2,0.0,0.0,,0.0,0.0,25.4,230.0,1004.8,92.5,,,
346,2009-11-24T10:00:00,13.3,11.3,87.55,0.0,0.0,,0.0,0.0,29.4,236.0,1004.9,94.5,,,
347,2009-11-24T11:00:00,13.2,11.3,88.41,0.0,0.0,,0.0,0.0,29.0,233.0,1004.9,85.0,,,
348,2009-11-24T12:00:00,13.5,10.7,83.46,0.961,100.0,rain,0.0,0.0,32.5,233.0,1004.9,79.5,,,
349,2009-11-24T13:00:00,13.6,10.0,79.12,0.112,100.0,rain,0.0,0.0,32.2,230.0,,75.0,,,
350,2009-11-24T14:00:00,13.6,9.5,76.41,0.0,0.0,,0.0,0.0,34.5,225.0,1004.6,89.4,,,
351,2009-11-24T15:00:00,13.5,9.2,75.41,0.0,0.0,,0.0,0.0,37.8,227.0,1003.8,93.7,,,
352,2009-11-24T16:00:00,13.3,8.6,73.46,0.0,0.0,,0.0,0.0,34.7,219.0,1003.6,90.0,,,
353,2009-11-24T17:00:00,13.2,9.4,77.86,0.0,0.0,,0.0,0.0,36.1,221.0,1003.6,91.5,,,
354,2009-11-24T18:00:00,13.0,9.6,79.54,0.0,0.0,,0.0,0.0,34.0,215.0,1003.6,87.8,,,
355,2009-11-24T19:00:00,12.4,10.5,88.03,0.0,0.0,,0.0,0.0,37.1,209.0,1002.7,93.3,,,
356,2009-11-24T20:00:00,12.2,10.6,89.72,0.0,0.0,,0.0,0.0,30.7,208.0,1001.5,91.8,,,
357,2009-11-24T21:00:00,12.5,9.8,83.99,0.0,0.0,,0.0,0.0,34.6,203.0,1000.7,92.3,,,
358,2009-11-24T22:00:00,12.5,9.6,82.49,0.0,0.0,,0.0,0.0,37.5,206.0,999.8,90.4,,,
359,2009-11-24T23:00:00,13.1,9.4,78.09,0.0,0.0,,0.0,0.0,38.1,210.0,998.6,91.6,,,
360,2009-11-25T00:00:00,13.2,9.4,77.74,0.142,100.0,rain,0.0,0.0,41.0,202.0,997.6,84.9,,,
361,2009-11-25T01:00:00,13.2,9.4,77.41,0.0,0.0,,0.0,0.0,40.8,201.0,996.6,89.5,,,
362,2009-11-25T02:00:00,13.3,9.5,77.31,0.0,0.0,,0.0,0.0,43.8,204.0,995.4,95.2,,,
363,2009-11-25T03:00:00,12.6,10.5,87.17,0.0,0.0,,0.0,0.0,45.1,205.0,994.4,94.3,,,
364,2009-11-25T04:00:00,11.7,10.2,90.74,0.488,100.0,rain,0.0,0.0,42.8,217.0,993.9,84.7,,,
365,2009-11-25T05:00:00,11.2,9.5,89.49,0.022,100.0,rain,0.0,0.0,32.2,224.0,994.8,95.2,,,
366,2009-11-25T06:00:00,10.6,8.8,88.42,2.256,100.0,rain,0.0,0.0,33.1,241.0,995.7,88.0,,,
367,2009-11-25T07:00:00,9.4,8.1,91.13,0.0,0.0,,0.0,0.0,26.2,237.0,995.9,77.7,,,
368,2009-11-25T08:00:00,9.2,6.7,84.65,0.0,0.0,,0.0,0.0,26.1,233.0,996.9,18.4,,,
369,2009-11-25T09:00:00,9.4,6.4,81.89,0.0,0.0,,0.0,0.0,25.9,230.0,997.7,0.0,,,
370,2009-11-25T10:00:00,9.8,5.6,75.02,0.0,0.0,,0.0,0.0,30.5,230.0,997.8,21.5,,,
371,2009-11-25T11:00:00,10.4,5.4,71.13,0.0,0.0,,0.0,0.0,32.4,229.0,997.7,18.4,,,
372,2009-11-25T12:00:00,11.2,4.8,64.93,0.0,0.0,,0.0,0.0,33.7,229.0,997.6,23.8,,,
373,2009-11-25T13:00:00,11.0,4.3,63.24,0.0,0.0,,0.0,0.0,36.6,229.0,996.8,30.0,,,
374,2009-11-25T14:00:00,11.1,4.1,62.02,0.0,0.0,,0.0,0.0,32.8,228.0,996.6,17.5,,,
375,2009-11-25T15:00:00,10.6,4.4,65.63,0.0,0.0,,0.0,0.0,32.7,221.0,995.7,47.1,,,
376,2009-11-25T16:00:00,9.5,4.5,71.08,0.0,0.0,,0.0,0.0,33.3,221.0,996.7,37.7,,,
377,2009-11-25T17:00:00,8.5,5.1,79.17,0.0,0.0,,0.0,0.0,26.9,224.0,996.9,17.5,,,
378,2009-11-25T18:00:00,8.7,5.4,79.95,0.343,100.0,rain,0.0,0.0,27.1,221.0,997.7,23.8,,,
379,2009-11-25T19:00:00,8.7,5.4,79.68,0.0,0.0,,0.0,0.0,27.9,224.0,997.8,44.4,,,
380,2009-11-25T20:00:00,8.1,5.4,82.84,0.0,0.0,,0.0,0.0,25.2,225.0,998.8,70.0,,,
381,2009-11-25T21:00:00,7.9,5.4,84.38,0.0,0.0,,0.0,0.0,24.5,229.0,998.9,0.0,,,
382,2009-11-25T22:00:00,7.7,5.5,85.97,0.0,0.0,,0.0,0.0,24.7,231.0,999.8,0.0,,,
383,2009-11-25T23:00:00,7.7,5.5,86.0,0.0,0.0,,0.0,0.0,23.3,223.0,999.9,14.8,,,
384,2009-11-26T00:00:00,7.8,5.5,85.5,0.0,0.0,,0.0,0.0,24.7,219.0,999.9,22.8,,,
385,2009-11-26T01:00:00,7.9,5.5,85.08,0.0,0.0,,0.0,0.0,22.6,211.0,999.8,28.5,,,
386,2009-11-26T02:00:00,8.0,5.6,85.02,0.0,0.0,,0.0,0.0,24.4,219.0,999.7,29.4,,,
387,2009-11-26T03:00:00,7.9,5.5,84.97,0.0,0.0,,0.0,0.0,25.3,209.0,998.8,23.5,,,
388,2009-11-26T04:00:00,7.5,5.1,85.08,0.0,0.0,,0.0,0.0,26.0,216.0,998.8,17.1,,,
389,2009-11-26T05:00:00,7.6,5.4,85.99,0.0,0.0,,0.0,0.0,26.2,223.0,998.8,11.2,,,
390,2009-11-26T06:00:00,7.5,5.3,86.07,0.085,100.0,rain,0.0,0.0,24.2,218.0,998.7,90.0,,,
391,2009-11-26T07:00:00,7.1,4.8,85.55,0.0,0.0,,0.0,0.0,23.9,220.0,998.8,21.4,,,
392,2009-11-26T08:00:00,7.3,4.7,83.76,0.0,0.0,,0.0,0.0,23.3,227.0,998.8,41.2,,,
393,2009-11-26T09:00:00,7.5,4.7,82.68,0.0,0.0,,0.0,0.0,26.8,226.0,998.8,0.0,,,
394,2009-11-26T10:00:00,8.4,4.7,77.76,0.0,0.0,,0.0,0.0,29.7,230.0,999.0,17.5,,,
395,2009-11-26T11:00:00,9.2,4.5,72.53,0.0,0.0,,0.0,0.0,34.3,237.0,999.0,33.8,,,
396,2009-11-26T12:00:00,9.4,4.3,70.68,0.0,0.0,,0.0,0.0,34.6,240.0,999.7,31.3,,,
397,2009-11-26T13:00:00,9.7,4.0,68.08,0.0,0.0,,0.0,0.0,32.7,240.0,998.9,22.9,,,
398,2009-11-26T14:00:00,9.6,3.4,65.32,0.0,0.0,,0.0,0.0,31.1,242.0,998.9,32.9,,,
399,2009-11-26T15:00:00,9.2,3.2,66.37,0.0,0.0,,0.0,0.0,29.4,239.0,998.9,17.5,,,
400,2009-11-26T16:00:00,8.0,3.1,71.26,0.0,0.0,,0.0,0.0,22.7,234.0,998.9,68.9,,,
401,2009-11-26T17:00:00,7.7,3.6,75.11,0.0,0.0,,0.0,0.0,23.0,224.0,998.8,22.8,,,
402,2009-11-26T18:00:00,6.9,3.5,78.99,0.0,0.0,,0.0,0.0,17.6,223.0,998.8,5.7,,,
403,2009-11-26T19:00:00,,3.6,81.83,0.0,0.0,,0.0,0.0,12.8,205.0,998.9,5.7,,,
404,2009-11-26T20:00:00,6.0,3.7,85.31,0.0,0.0,,0.0,0.0,13.7,199.0,998.9,50.0,,,
405,2009-11-26T21:00:00,6.1,3.8,85.35,0.0,0.0,,0.0,0.0,15.5,199.0,998.8,21.5,,,
406,2009-11-26T22:00:00,5.8,3.5,84.82,0.0,0.0,,0.0,0.0,14.9,207.0,997.8,0.0,,,
407,2009-11-26T23:00:00,5.8,3.6,85.87,0.0,0.0,,0.0,0.0,14.8,210.0,997.8,23.0,,,
408,2009-11-27T00:00:00,6.0,3.6,85.13,0.0,0.0,,0.0,0.0,13.3,205.0,996.9,68.9,,,
409,2009-11-27T01:00:00,5.7,3.9,87.79,0.0,0.0,,0.0,0.0,13.6,187.0,995.9,54.3,,,
410,2009-11-27T02:00:00,5.5,3.9,88.9,0.0,0.0,,0.0,0.0,11.0,206.0,995.8,35.9,,,
411,2009-11-27T03:00:00,5.5,3.8,88.71,0.0,0.0,,0.0,0.0,11.9,215.0,995.0,55.2,,,
412,2009-11-27T04:00:00,5.4,3.8,89.17,0.0,0.0,,0.0,0.0,16.6,233.0,995.0,44.0,,,
413,2009-11-27T05:00:00,4.8,3.6,91.98,0.0,0.0,,0.0,0.0,16.8,230.0,995.0,17.0,,,
414,2009-11-27T06:00:00,4.2,3.1,92.73,0.253,100.0,rain,0.0,0.0,17.3,229.0,995.8,6.6,,,
415,2009-11-27T07:00:00,4.6,3.5,92.44,0.0,0.0,,0.0,0.0,20.3,230.0,995.9,45.3,,,
416,2009-11-27T08:00:00,4.7,3.4,91.41,0.0,0.0,,0.0,0.0,18.9,220.0,996.7,0.0,,,
417,2009-11-27T09:00:00,5.6,3.6,86.86,0.0,0.0,,0.0,0.0,22.4,221.0,996.8,6.6,,,
418,2009-11-27T10:00:00,7.1,4.1,81.16,0.0,0.0,,0.0,0.0,26.9,230.0,996.8,61.4,,,
419,2009-11-27T11:00:00,7.3,3.9,78.65,0.0,0.0,,0.0,0.0,27.8,239.0,996.9,83.0,,,
420,2009-11-27T12:00:00,7.6,4.0,77.68,0.0,0.0,,0.0,0.0,32.0,249.0,996.9,76.0,,,
421,2009-11-27T13:00:00,8.0,4.2,76.72,0.0,0.0,,0.0,0.0,34.7,252.0,996.9,55.8,,,
422,2009-11-27T14:00:00,8.0,3.8,74.75,0.0,0.0,,0.0,0.0,28.7,248.0,997.0,20.4,,,
423,2009-11-27T15:00:00,7.5,4.2,79.24,0.0,0.0,,0.0,0.0,22.7,245.0,997.1,29.3,,,
424,2009-11-27T16:00:00,6.5,3.7,82.61,0.0,0.0,,0.0,0.0,20.3,249.0,997.9,21.5,,,
425,2009-11-27T17:00:00,5.1,3.7,90.2,0.0,0.0,,0.0,0.0,14.0,231.0,998.0,0.0,,,
426,2009-11-27T18:00:00,4.9,3.3,89.43,0.0,0.0,,0.0,0.0,13.8,230.0,998.1,5.7,,,
427,2009-11-27T19:00:00,5.0,3.7,91.63,0.0,0.0,,0.0,0.0,12.5,224.0,998.8,0.0,,,
428,2009-11-27T20:00:00,5.1,4.0,93.13,0.0,0.0,,0.0,0.0,14.5,225.0,998.9,22.8,,,
429,2009-11-27T21:00:00,5.0,3.9,93.12,0.0,0.0,,0.0,0.0,13.4,221.0,998.9,21.3,,,
430,2009-11-27T22:00:00,4.9,4.2,95.4,0.0,0.0,,0.0,0.0,13.5,209.0,998.8,47.0,,,
431,2009-11-27T23:00:00,4.8,3.7,92.48,0.0,0.0,,0.0,0.0,12.4,205.0,998.8,33.7,,,
432,2009-11-28T00:00:00,4.5,3.5,93.34,0.0,0.0,,0.0,0.0,15.2,192.0,998.0,26.6,,,
433,2009-11-28T01:00:00,3.9,3.4,96.1,0.0,0.0,,0.0,0.0,13.6,193.0,997.8,13.3,,,
434,2009-11-28T02:00:00,4.7,3.7,93.2,0.0,0.0,,0.0,0.0,15.8,179.0,996.8,44.3,,,
435,2009-11-28T03:00:00,4.9,4.1,94.66,0.0,0.0,,0.0,0.0,12.7,176.0,995.6,54.6,,,
436,2009-11-28T04:00:00,5.2,4.5,94.98,0.0,0.0,,0.0,0.0,14.7,170.0,993.8,67.2,,,
437,2009-11-28T05:00:00,5.3,4.7,95.7,0.17,100.0,rain,0.0,0.0,15.2,170.0,992.7,91.5,,,
438,2009-11-28T06:00:00,5.4,4.8,95.74,2.833,100.0,rain,0.0,0.0,14.2,183.0,990.8,61.7,,,
439,2009-11-28T07:00:00,5.3,4.1,91.85,0.149,100.0,rain,0.0,0.0,21.3,217.0,990.0,69.1,,,
440,2009-11-28T08:00:00,4.8,2.8,86.7,0.0,0.0,,0.0,0.0,26.1,233.0,990.8,24.5,,,
441,2009-11-28T09:00:00,5.5,2.6,81.16,0.0,0.0,,0.0,0.0,26.8,226.0,990.8,3.5,,,
442,2009-11-28T10:00:00,6.3,3.0,79.35,0.0,0.0,,0.0,0.0,29.1,230.0,991.6,25.8,,,
443,2009-11-28T11:00:00,7.3,3.1,74.48,0.0,0.0,,0.0,0.0,36.0,235.0,990.9,40.8,,,
444,2009-11-28T12:00:00,7.7,3.2,73.15,0.406,100.0,rain,0.0,0.0,34.8,240.0,991.0,74.2,,,
445,2009-11-28T13:00:00,7.6,3.0,72.54,0.0,0.0,,0.0,0.0,34.8,246.0,991.9,73.0,,,
446,2009-11-28T14:00:00,7.5,2.8,71.86,0.0,0.0,,0.0,0.0,30.2,251.0,992.0,90.9,,,
447,2009-11-28T15:00:00,7.1,2.7,73.73,0.0,0.0,,0.0,0.0,22.2,249.0,992.9,62.7,,,
448,2009-11-28T16:00:00,6.1,2.5,78.09,0.0,0.0,,0.0,0.0,13.9,240.0,993.0,61.8,,,
449,2009-11-28T17:00:00,5.5,2.5,80.78,0.0,0.0,,0.0,0.0,4.9,203.0,992.9,78.9,,,
450,2009-11-28T18:00:00,5.2,2.9,85.32,0.0,0.0,,0.0,0.0,6.3,125.0,993.0,92.8,,,
451,2009-11-28T19:00:00,5.1,3.1,87.37,0.0,0.0,,0.0,0.0,8.4,117.0,992.0,83.0,,,
452,2009-11-28T20:00:00,5.2,4.1,92.71,0.0,0.0,,0.0,0.0,14.2,96.0,991.8,73.7,,,
453,2009-11-28T21:00:00,5.5,5.0,96.56,0.0,0.0,,0.0,0.0,21.2,80.0,990.0,75.0,,,
454,2009-11-28T22:00:00,5.9,5.5,96.96,0.074,100.0,rain,0.0,0.0,16.9,94.0,989.2,84.2,,,
455,2009-11-28T23:00:00,6.3,6.0,98.18,0.302,100.0,rain,0.0,0.0,20.6,113.0,989.1,77.1,,,
456,2009-11-29T00:00:00,6.9,6.7,98.8,2.656,100.0,rain,0.0,0.0,17.8,115.0,988.1,74.3,,,
457,2009-11-29T01:00:00,7.9,7.6,98.59,0.044,100.0,rain,0.0,0.0,16.9,127.0,986.2,62.9,,,
458,2009-11-29T02:00:00,9.2,8.5,95.78,0.0,0.0,,0.0,0.0,19.4,177.0,985.9,70.4,,,
459,2009-11-29T03:00:00,8.3,7.6,95.32,0.404,100.0,rain,0.0,0.0,19.0,220.0,986.0,86.7,,,
460,2009-11-29T04:00:00,7.6,7.1,96.45,0.279,100.0,rain,0.0,0.0,9.6,199.0,985.9,65.3,,,
461,2009-11-29T05:00:00,7.5,6.8,95.16,0.0,0.0,,0.0,0.0,13.3,173.0,986.0,68.0,,,
462,2009-11-29T06:00:00,7.8,6.9,94.33,3.423,100.0,rain,0.0,0.0,11.6,152.0,986.0,48.8,,,
463,2009-11-29T07:00:00,7.4,6.5,,0.0,0.0,,0.0,0.0,13.6,146.0,985.1,58.3,,,
464,2009-11-29T08:00:00,7.6,6.7,94.03,0.0,0.0,,0.0,0.0,16.7,153.0,985.9,46.2,,,
465,2009-11-29T09:00:00,7.8,6.4,90.73,0.0,0.0,,0.0,0.0,18.4,171.0,985.9,73.8,,,
466,2009-11-29T10:00:00,7.7,5.9,88.78,0.022,100.0,rain,0.0,0.0,16.4,182.0,986.0,49.5,,,
467,2009-11-29T11:00:00,7.7,5.8,87.43,0.044,100.0,rain,0.0,0.0,14.3,195.0,986.1,46.6,,,
468,2009-11-29T12:00:00,7.2,5.4,88.42,0.721,100.0,rain,0.0,0.0,15.9,182.0,986.0,42.3,,,
469,2009-11-29T13:00:00,8.4,5.7,83.43,0.0,0.0,,0.0,0.0,14.4,182.0,985.9,40.0,,,
470,2009-11-29T14:00:00,8.3,5.5,82.28,0.0,0.0,,0.0,0.0,18.3,179.0,985.9,36.1,,,
471,2009-11-29T15:00:00,8.1,4.8,79.67,0.119,100.0,rain,0.0,0.0,17.8,174.0,986.0,76.5,,,
472,2009-11-29T16:00:00,7.8,4.6,80.7,0.059,100.0,rain,0.0,0.0,20.7,167.0,986.0,68.0,,,
473,2009-11-29T17:00:00,6.6,5.0,89.87,0.08,100.0,rain,0.0,0.0,16.8,183.0,986.0,69.9,,,
474,2009-11-29T18:00:00,6.4,5.2,92.3,1.016,100.0,rain,0.0,0.0,20.2,162.0,986.1,73.7,,,
475,2009-11-29T19:00:00,6.4,5.0,90.39,0.022,100.0,rain,0.0,0.0,19.4,168.0,986.8,61.4,,,
476,2009-11-29T20:00:00,6.5,5.4,92.62,0.0,0.0,,0.0,0.0,20.5,159.0,986.9,76.7,,,
477,2009-11-29T21:00:00,6.7,4.8,87.91,0.0,0.0,,0.0,0.0,18.6,161.0,987.0,56.6,,,
478,2009-11-29T22:00:00,6.8,5.4,90.82,0.0,0.0,,0.0,0.0,18.2,166.0,987.2,69.9,,,
479,2009-11-29T23:00:00,6.6,5.5,92.24,0.0,0.0,,0.0,0.0,12.7,130.0,988.0,55.8,,,
480,2009-11-30T00:00:00,6.5,5.7,94.78,1.27,100.0,rain,0.0,0.0,10.1,123.0,988.2,59.5,,,
481,2009-11-30T01:00:00,6.5,6.0,96.16,0.0,0.0,,0.0,0.0,13.2,125.0,988.2,67.5,,,
482,2009-11-30T02:00:00,6.4,5.7,95.35,0.0,0.0,,0.0,0.0,13.3,123.0,988.4,62.0,,,
483,2009-11-30T03:00:00,6.0,5.8,98.47,0.11,100.0,rain,0.0,0.0,12.4,70.0,989.3,62.7,,,
484,2009-11-30T04:00:00,6.3,5.7,95.9,0.022,100.0,rain,0.0,0.0,11.2,65.0,989.6,62.9,,,
485,2009-11-30T05:00:00,6.3,5.8,96.8,0.0,0.0,,0.0,0.0,11.6,60.0,990.2,75.9,,,
486,2009-11-30T06:00:00,6.3,5.7,96.03,7.513,100.0,rain,0.0,0.0,20.7,39.0,991.3,80.8,,,
487,2009-11-30T07:00:00,5.8,5.2,95.74,0.0,0.0,,0.0,0.0,27.5,41.0,992.3,68.9,,,
488,2009-11-30T08:00:00,5.7,5.4,98.16,0.0,0.0,,0.0,0.0,21.1,36.0,994.2,76.9,,,
489,2009-11-30T09:00:00,6.1,5.0,92.34,0.0,0.0,,0.0,0.0,24.4,15.0,995.2,57.5,,,
490,2009-11-30T10:00:00,6.7,5.1,89.94,0.0,0.0,,0.0,0.0,21.7,8.0,996.3,64.4,,,
491,2009-11-30T11:00:00,6.8,4.4,84.75,0.0,0.0,,0.0,0.0,28.9,359.0,997.3,,,,
492,2009-11-30T12:00:00,6.7,4.5,86.19,3.815,100.0,rain,0.0,0.0,27.1,351.0,997.5,71.4,,,
493,2009-11-30T13:00:00,6.6,4.3,85.36,0.0,0.0,,0.0,0.0,26.1,349.0,998.4,67.4,,,
494,2009-11-30T14:00:00,6.3,4.2,86.33,0.0,0.0,,0.0,0.0,29.7,350.0,999.3,82.2,,,
495,2009-11-30T15:00:00,6.3,4.1,85.82,0.0,0.0,,0.0,0.0,23.0,349.0,1001.0,40.5,,,
496,2009-11-30T16:00:00,6.0,3.6,84.25,0.0,0.0,,0.0,0.0,20.5,339.0,1001.3,58.8,,,
497,2009-11-30T17:00:00,5.5,3.3,85.73,0.0,0.0,,0.0,0.0,23.2,341.0,1002.4,62.7,,,
498,2009-11-30T18:00:00,5.4,2.9,83.64,0.0,0.0,,0.0,0.0,25.3,338.0,1003.5,62.7,,,
499,2009-11-30T19:00:00,5.4,2.7,82.28,0.0,0.0,,0.0,0.0,22.8,340.0,1004.4,75.2,,,
500,2009-11-30T20:00:00,4.9,2.6,85.15,0.0,0.0,,0.0,0.0,24.7,335.0,1005.4,57.1,,,
501,2009-11-30T21:00:00,4.0,1.8,85.56,0.0,0.0,,0.0,0.0,24.6,332.0,1005.6,5.7,,,
502,2009-11-30T22:00:00,3.5,1.6,87.47,0.0,0.0,,0.0,0.0,23.0,333.0,1006.7,29.3,,,
503,2009-11-30T23:00:00,2.6,1.6,92.71,0.0,0.0,,0.0,0.0,21.6,329.0,1007.5,30.0,,,
504,2009-12-01T00:00:00,2.3,1.5,94.39,0.0,0.0,,0.0,0.0,21.4,325.0,1008.4,20.2,,,
505,2009-12-01T01:00:00,2.2,1.4,94.16,0.0,0.0,,0.0,0.0,17.5,328.0,1008.5,38.3,,,
506,2009-12-01T02:00:00,2.0,1.2,94.78,0.0,0.0,,0.0,0.0,19.4,325.0,1009.4,30.0,,,
507,2009-12-01T03:00:00,1.1,0.8,98.0,0.0,0.0,,0.0,0.0,17.3,326.0,1009.5,18.4,,,
508,2009-12-01T04:00:00,0.9,0.3,95.78,0.0,0.0,,0.0,0.0,16.8,319.0,1010.5,30.0,,,
509,2009-12-01T05:00:00,0.8,0.2,95.85,0.0,0.0,,0.0,0.0,16.2,319.0,1010.6,25.6,,,
510,2009-12-01T06:00:00,0.7,0.1,95.65,0.0,0.0,,0.0,0.0,14.6,313.0,1011.1,24.5,,,
511,2009-12-01T07:00:00,0.1,0.0,98.61,0.0,0.0,,0.0,0.0,10.9,333.0,1011.2,21.5,,,
512,2009-12-01T08:00:00,-0.2,-0.3,99.15,0.0,0.0,,0.0,0.0,12.3,314.0,1011.3,30.7,,,
513,2009-12-01T09:00:00,0.7,0.1,95.52,0.0,0.0,,0.0,0.0,13.6,306.0,1012.2,35.9,,,
514,2009-12-01T10:00:00,1.8,1.0,94.63,0.0,0.0,,0.0,0.0,11.6,314.0,1012.2,57.2,,,
515,2009-12-01T11:00:00,2.9,1.9,92.6,0.0,0.0,,0.0,0.0,8.5,331.0,1012.1,49.7,,,
516,2009-12-01T12:00:00,4.5,2.8,88.79,0.0,0.0,,0.0,0.0,8.4,327.0,1012.0,64.6,,,
517,2009-12-01T13:00:00,5.1,3.0,86.63,0.0,0.0,,0.0,0.0,4.5,330.0,1011.1,60.6,,,
518,2009-12-01T14:00:00,5.8,3.1,83.09,0.0,0.0,,0.0,0.0,3.8,319.0,1011.0,44.1,,,
519,2009-12-01T15:00:00,5.2,2.8,84.39,0.0,0.0,,0.0,0.0,1.4,343.0,1010.3,49.9,,,
520,2009-12-01T16:00:00,4.5,2.5,86.89,0.0,0.0,,0.0,0.0,3.6,129.0,1010.2,47.3,,,
521,2009-12-01T17:00:00,3.7,2.4,91.43,0.0,0.0,,0.0,0.0,5.8,176.0,1010.0,82.2,,,
522,2009-12-01T18:00:00,3.8,2.5,90.97,0.0,0.0,,0.0,0.0,7.8,166.0,1009.1,74.2,,,
523,2009-12-01T19:00:00,4.0,2.5,90.21,0.0,0.0,,0.0,0.0,8.6,162.0,1008.2,66.3,,,
524,2009-12-01T20:00:00,4.1,2.4,88.91,,0.0,,0.0,0.0,11.0,167.0,1008.1,63.0,,,
525,2009-12-01T21:00:00,4.4,3.0,90.83,0.0,0.0,,0.0,0.0,11.9,148.0,1007.7,40.2,,,
526,2009-12-01T22:00:00,5.0,2.7,85.28,0.0,0.0,,0.0,0.0,13.8,149.0,1007.1,80.2,,,
527,2009-12-01T23:00:00,5.4,3.0,84.84,0.0,0.0,,0.0,0.0,17.8,150.0,1006.8,81.0,,,
528,2009-12-02T00:00:00,6.2,3.1,80.82,0.0,0.0,,0.0,0.0,17.4,156.0,1005.8,99.3,,,
529,2009-12-02T01:00:00,6.6,3.0,77.94,0.0,0.0,,0.0,0.0,18.4,161.0,1004.9,67.3,,,
530,2009-12-02T02:00:00,6.0,3.4,83.39,0.147,100.0,rain,0.0,0.0,19.9,167.0,1004.0,87.4,,,
531,2009-12-02T03:00:00,6.1,3.9,85.84,0.059,100.0,rain,0.0,0.0,18.7,159.0,1003.8,85.5,,,
532,2009-12-02T04:00:00,5.7,5.0,94.86,0.0,0.0,,0.0,0.0,18.8,152.0,1002.7,95.2,,,
533,2009-12-02T05:00:00,6.3,5.7,95.94,0.022,100.0,rain,0.0,0.0,19.4,155.0,1001.6,95.2,,,
534,2009-12-02T06:00:00,6.6,6.4,98.57,1.33,100.0,rain,0.0,0.0,20.5,157.0,1000.9,90.3,,,
535,2009-12-02T07:00:00,7.1,6.5,96.22,0.0,0.0,,0.0,0.0,17.7,101.0,1000.0,88.3,,,
536,2009-12-02T08:00:00,7.3,6.8,96.89,0.06,100.0,rain,0.0,0.0,16.9,163.0,1000.0,98.1,,,
537,2009-12-02T09:00:00,7.6,7.5,99.11,0.072,100.0,rain,0.0,0.0,13.9,166.0,999.8,90.3,,,
538,2009-12-02T10:00:00,8.2,8.1,99.09,0.0,0.0,,0.0,0.0,14.8,175.0,999.8,81.9,,,
539,2009-12-02T11:00:00,8.7,8.7,99.74,0.0,0.0,,0.0,0.0,14.3,165.0,998.9,60.2,,,
540,2009-12-02T12:00:00,9.4,8.8,96.22,0.374,100.0,rain,0.0,0.0,16.9,175.0,997.9,58.5,,,
541,2009-12-02T13:00:00,9.7,8.9,94.76,0.0,0.0,,0.0,0.0,15.8,178.0,997.9,75.9,,,
542,2009-12-02T14:00:00,9.8,8.9,93.86,0.0,0.0,,0.0,0.0,13.5,166.0,996.9,63.1,,,
543,2009-12-02T15:00:00,,8.8,95.0,0.0,0.0,,0.0,0.0,14.0,157.0,996.8,62.5,,,
544,2009-12-02T16:00:00,9.1,8.5,96.41,0.0,0.0,,0.0,0.0,14.6,143.0,996.8,63.8,,,
545,2009-12-02T17:00:00,9.1,8.7,97.38,0.132,100.0,rain,0.0,0.0,16.4,147.0,995.9,66.6,,,
546,2009-12-02T18:00:00,8.9,8.4,96.24,2.429,100.0,rain,0.0,0.0,14.8,129.0,995.1,72.3,,,
547,2009-12-02T19:00:00,8.7,8.4,98.46,0.155,100.0,rain,0.0,0.0,14.7,147.0,994.8,49.6,,,
548,2009-12-02T20:00:00,8.2,8.1,99.22,0.097,100.0,rain,0.0,0.0,11.0,175.0,994.9,74.3,,,
549,2009-12-02T21:00:00,8.0,7.8,98.96,0.352,100.0,rain,0.0,0.0,10.2,154.0,994.8,75.1,,,
550,2009-12-02T22:00:00,7.5,7.3,99.22,0.059,100.0,rain,0.0,0.0,10.7,133.0,993.9,62.7,,,
551,2009-12-02T23:00:00,7.4,7.2,98.56,0.0,0.0,,0.0,0.0,12.3,135.0,993.9,52.4,,,
552,2009-12-03T00:00:00,7.5,7.3,98.88,5.95,100.0,rain,0.0,0.0,12.9,146.0,993.8,52.8,,,
553,2009-12-03T01:00:00,7.7,7.1,95.82,0.0,0.0,,0.0,0.0,11.5,176.0,992.9,70.0,,,
554,2009-12-03T02:00:00,7.7,7.2,96.58,0.044,100.0,rain,0.0,0.0,10.0,176.0,992.9,67.4,,,
555,2009-12-03T03:00:00,7.6,7.1,96.46,0.022,100.0,rain,0.0,0.0,7.9,190.0,992.9,68.7,,,
556,2009-12-03T04:00:00,7.0,7.0,99.73,0.0,0.0,,0.0,0.0,7.1,211.0,992.1,63.8,,,
557,2009-12-03T05:00:00,7.2,7.0,99.2,0.0,0.0,,0.0,0.0,8.5,225.0,992.9,84.7,,,
558,2009-12-03T06:00:00,7.1,7.0,98.89,0.022,100.0,rain,0.0,0.0,10.4,243.0,992.9,66.5,,,
559,2009-12-03T07:00:00,6.8,6.7,98.95,0.022,100.0,rain,0.0,0.0,13.0,253.0,992.9,92.4,,,
560,2009-12-03T08:00:00,7.2,7.1,99.08,0.0,0.0,,0.0,0.0,14.5,249.0,993.1,92.4,,,
561,2009-12-03T09:00:00,7.3,6.7,96.45,0.0,0.0,,0.0,0.0,17.3,251.0,993.9,83.5,,,
562,2009-12-03T10:00:00,7.4,7.2,98.29,0.0,0.0,,0.0,0.0,17.8,246.0,993.9,97.2,,,
563,2009-12-03T11:00:00,7.4,7.2,98.43,0.0,0.0,,0.0,0.0,19.2,253.0,993.9,93.3,,,
564,2009-12-03T12:00:00,6.7,6.0,95.33,1.119,100.0,rain,0.0,0.0,25.9,278.0,994.1,80.7,,,
565,2009-12-03T13:00:00,6.1,5.4,95.49,0.059,100.0,rain,0.0,0.0,24.5,285.0,995.0,68.7,,,
566,2009-12-03T14:00:00,5.7,5.0,95.49,0.0,0.0,,0.0,0.0,23.6,282.0,995.1,65.7,,,
567,2009-12-03T15:00:00,5.6,3.6,87.18,0.0,0.0,,0.0,0.0,25.3,283.0,995.9,52.8,,,
568,2009-12-03T16:00:00,5.2,4.0,91.6,0.0,0.0,,0.0,0.0,24.4,274.0,996.0,66.1,,,
569,2009-12-03T17:00:00,5.1,3.6,90.52,0.0,0.0,,0.0,0.0,23.7,273.0,996.2,79.8,,,
570,2009-12-03T18:00:00,4.8,3.3,90.25,0.747,100.0,rain,0.0,0.0,24.0,271.0,997.0,86.7,,,
571,2009-12-03T19:00:00,4.6,2.8,88.69,0.0,0.0,,0.0,0.0,24.2,270.0,997.2,68.7,,,
572,2009-12-03T20:00:00,4.4,2.4,86.77,0.0,0.0,,0.0,0.0,24.2,269.0,998.1,91.2,,,
573,2009-12-03T21:00:00,4.2,2.1,86.48,0.0,0.0,,0.0,0.0,21.9,266.0,998.9,71.6,,,
574,2009-12-03T22:00:00,3.5,2.0,89.68,0.0,0.0,,0.0,0.0,21.5,268.0,999.1,76.9,,,
575,2009-12-03T23:00:00,3.4,2.0,90.65,0.022,100.0,rain,0.0,0.0,22.0,274.0,1000.0,73.0,,,
576,2009-12-04T00:00:00,3.3,2.3,92.84,0.245,100.0,rain,0.0,0.0,22.5,273.0,1000.0,75.0,,,
577,2009-12-04T01:00:00,3.3,2.2,93.01,0.022,100.0,rain,0.0,0.0,21.4,266.0,1000.1,70.7,,,
578,2009-12-04T02:00:00,3.4,2.4,93.22,0.059,100.0,rain,0.0,0.0,22.6,272.0,1001.1,76.4,,,
579,2009-12-04T03:00:00,3.8,2.4,90.68,0.0,0.0,,0.0,0.0,19.8,280.0,1001.2,78.6,,,
580,2009-12-04T04:00:00,3.9,2.4,90.14,0.0,0.0,,0.0,0.0,21.8,275.0,1002.1,82.0,,,
581,2009-12-04T05:00:00,3.9,2.4,90.09,0.0,0.0,,0.0,0.0,23.8,276.0,1002.2,37.5,,,
582,2009-12-04T06:00:00,3.4,2.3,92.71,0.0,0.0,,0.0,0.0,20.7,278.0,1002.4,82.5,,,
583,2009-12-04T07:00:00,3.3,2.3,92.96,0.0,0.0,,0.0,0.0,21.5,278.0,1003.3,100.0,,,
584,2009-12-04T08:00:00,3.7,2.2,89.62,0.0,0.0,,0.0,0.0,20.2,282.0,1004.3,78.7,,,
585,2009-12-04T09:00:00,3.6,2.2,90.06,0.0,0.0,,0.0,0.0,19.5,279.0,1005.2,57.0,,,
586,2009-12-04T10:00:00,,2.5,90.45,0.0,0.0,,0.0,0.0,18.3,274.0,1006.2,94.8,,,
587,2009-12-04T11:00:00,4.8,3.1,88.95,0.0,0.0,,0.0,0.0,20.2,272.0,1006.3,78.4,,,
588,2009-12-04T12:00:00,6.2,3.8,85.03,0.0,0.0,,0.0,0.0,19.4,280.0,1006.3,92.8,,,
589,2009-12-04T13:00:00,7.1,4.2,82.17,0.0,0.0,,0.0,0.0,17.3,283.0,1006.2,32.9,,,
590,2009-12-04T14:00:00,6.7,4.3,84.36,0.0,0.0,,0.0,0.0,18.5,281.0,1006.2,21.5,,,
591,2009-12-04T15:00:00,6.0,3.8,85.8,0.0,0.0,,0.0,0.0,14.6,266.0,1006.2,21.5,,,
592,2009-12-04T16:00:00,4.1,3.0,91.99,0.0,0.0,,0.0,0.0,12.2,237.0,1007.1,55.0,,,
593,2009-12-04T17:00:00,4.3,3.1,91.98,0.0,0.0,,0.0,0.0,10.9,234.0,1007.1,98.8,,,
594,2009-12-04T18:00:00,,3.2,92.54,0.0,0.0,,0.0,0.0,11.4,220.0,1007.1,100.0,,,
595,2009-12-04T19:00:00,4.7,3.2,90.15,0.0,0.0,,0.0,0.0,8.3,200.0,1007.1,92.6,,,
596,2009-12-04T20:00:00,4.8,3.3,89.57,0.0,0.0,,0.0,0.0,7.8,186.0,1006.1,73.3,,,
597,2009-12-04T21:00:00,4.9,3.4,89.94,0.0,0.0,,0.0,0.0,10.2,164.0,1006.0,82.9,,,
598,2009-12-04T22:00:00,5.3,3.4,87.61,0.0,0.0,,0.0,0.0,12.2,161.0,1005.0,83.7,,,
599,2009-12-04T23:00:00,5.1,4.5,95.64,0.0,0.0,,0.0,0.0,14.5,154.0,1004.0,83.7,,,
600,2009-12-05T00:00:00,5.7,5.1,96.3,0.725,100.0,rain,0.0,0.0,17.8,138.0,1002.8,94.3,,,
601,2009-12-05T01:00:00,6.7,6.5,99.04,0.074,100.0,rain,0.0,0.0,18.5,156.0,1001.1,94.3,,,
602,2009-12-05T02:00:00,8.0,7.3,95.71,0.036,100.0,rain,0.0,0.0,20.0,163.0,999.9,100.0,,,
603,2009-12-05T03:00:00,8.3,7.9,97.29,0.095,100.0,rain,0.0,0.0,19.1,166.0,998.8,98.1,,,
604,2009-12-05T04:00:00,8.5,8.0,96.88,0.183,100.0,rain,0.0,0.0,20.1,173.0,997.8,92.4,,,
605,2009-12-05T05:00:00,8.7,8.2,97.04,0.044,100.0,rain,0.0,0.0,20.3,193.0,996.8,55.6,,,
606,2009-12-05T06:00:00,9.1,8.1,93.17,1.383,100.0,rain,0.0,0.0,18.9,215.0,996.8,68.8,,,
607,2009-12-05T07:00:00,8.5,7.5,93.76,0.0,0.0,,0.0,0.0,17.5,225.0,996.9,49.3,,,
608,2009-12-05T08:00:00,8.0,7.2,94.71,0.0,0.0,,0.0,0.0,18.0,231.0,997.0,57.9,,,
609,2009-12-05T09:00:00,7.5,6.6,94.6,0.0,0.0,,0.0,0.0,16.1,222.0,997.9,8.2,,,
610,2009-12-05T10:00:00,8.4,6.9,90.38,0.0,0.0,,0.0,0.0,15.9,217.0,998.8,10.9,,,
611,2009-12-05T11:00:00,9.5,7.9,89.28,0.0,0.0,,0.0,0.0,20.9,221.0,998.8,21.5,,,
612,2009-12-05T12:00:00,10.1,7.8,85.88,0.0,0.0,,0.0,0.0,22.3,229.0,998.9,3.5,,,
613,2009-12-05T13:00:00,9.5,7.2,85.6,0.0,0.0,,0.0,0.0,19.9,232.0,998.8,3.5,,,
614,2009-12-05T14:00:00,9.5,7.2,85.76,0.0,0.0,,0.0,0.0,17.8,221.0,999.0,54.3,,,
615,2009-12-05T15:00:00,8.8,7.2,89.65,0.0,0.0,,,0.0,16.6,213.0,999.8,92.8,,,
616,2009-12-05T16:00:00,8.9,7.3,90.01,0.0,0.0,,0.0,0.0,18.3,208.0,999.7,89.7,,,
617,2009-12-05T17:00:00,9.1,7.5,89.75,0.0,0.0,,0.0,0.0,13.7,186.0,998.9,82.7,,,
618,2009-12-05T18:00:00,8.8,8.2,96.02,0.688,100.0,rain,0.0,0.0,14.6,166.0,998.9,75.1,,,
619,2009-12-05T19:00:00,9.3,8.8,96.41,0.075,100.0,rain,0.0,0.0,15.8,167.0,998.8,82.9,,,
620,2009-12-05T20:00:00,9.4,9.3,99.12,0.154,100.0,rain,0.0,0.0,15.9,169.0,997.9,58.8,,,
621,2009-12-05T21:00:00,10.3,9.7,96.25,0.132,100.0,rain,0.0,0.0,18.9,187.0,997.8,65.6,,,
622,2009-12-05T22:00:00,10.3,10.2,99.14,0.059,100.0,rain,0.0,0.0,19.6,195.0,997.7,53.1,,,
623,2009-12-05T23:00:00,10.4,10.2,98.4,0.022,100.0,rain,0.0,0.0,18.4,193.0,997.6,59.4,,,
624,2009-12-06T00:00:00,10.6,9.9,95.45,2.685,100.0,rain,0.0,0.0,19.7,183.0,996.6,58.8,,,
625,2009-12-06T01:00:00,,10.4,96.77,0.0,0.0,,0.0,0.0,22.4,186.0,995.7,72.5,,,
626,2009-12-06T02:00:00,11.1,10.7,97.24,0.0,0.0,,0.0,0.0,24.5,189.0,994.7,65.2,,,
627,2009-12-06T03:00:00,11.5,10.7,94.65,0.0,0.0,,0.0,0.0,21.6,186.0,994.6,67.1,,,
628,2009-12-06T04:00:00,11.6,10.7,93.8,0.0,0.0,,0.0,0.0,23.0,182.0,993.6,74.3,,,
629,2009-12-06T05:00:00,11.8,10.8,93.65,0.0,0.0,,0.0,0.0,26.1,179.0,992.6,81.5,,,
630,2009-12-06T06:00:00,11.4,10.7,95.75,0.0,0.0,,0.0,0.0,25.3,177.0,991.7,73.0,,,
631,2009-12-06T07:00:00,11.8,11.1,95.18,0.0,0.0,,0.0,0.0,,186.0,990.6,95.2,,,
632,2009-12-06T08:00:00,11.9,11.2,95.85,0.059,100.0,rain,0.0,0.0,32.5,193.0,990.4,82.8,,,
633,2009-12-06T09:00:00,11.9,11.2,95.16,0.044,100.0,rain,0.0,0.0,29.0,195.0,990.5,91.5,,,
634,2009-12-06T10:00:00,10.6,10.3,98.5,0.302,100.0,rain,0.0,0.0,29.4,215.0,990.9,82.1,,,
635,2009-12-06T11:00:00,9.9,8.8,92.62,0.059,100.0,rain,0.0,0.0,25.5,242.0,991.9,88.5,,,
636,2009-12-06T12:00:00,10.7,9.0,88.91,4.155,100.0,rain,0.0,0.0,31.3,239.0,992.9,31.6,,,
637,2009-12-06T13:00:00,10.4,7.5,82.35,0.0,0.0,,0.0,0.0,34.4,245.0,993.9,50.0,,,
638,2009-12-06T14:00:00,10.3,7.0,79.94,0.0,0.0,,0.0,0.0,29.6,240.0,995.6,34.0,,,
639,2009-12-06T15:00:00,9.7,6.3,79.46,0.0,0.0,,0.0,0.0,24.6,238.0,996.7,30.8,,,
640,2009-12-06T16:00:00,8.7,5.8,81.8,0.0,0.0,,0.0,0.0,23.9,224.0,997.8,0.0,,,
641,2009-12-06T17:00:00,8.3,5.4,81.82,0.0,0.0,,0.0,0.0,19.7,211.0,997.9,8.5,,,
642,2009-12-06T18:00:00,8.0,5.6,84.62,0.0,0.0,,0.0,0.0,19.9,205.0,998.8,19.9,,,
643,2009-12-06T19:00:00,7.8,5.3,84.23,0.0,0.0,,0.0,0.0,19.2,212.0,999.8,17.5,,,
644,2009-12-06T20:00:00,7.6,5.8,88.4,0.0,0.0,,0.0,0.0,20.4,220.0,1000.7,0.0,,,
645,2009-12-06T21:00:00,7.4,5.4,86.92,0.0,0.0,,0.0,0.0,20.1,215.0,1000.9,0.0,,,
646,2009-12-06T22:00:00,7.0,5.3,89.14,0.0,0.0,,0.0,0.0,19.2,212.0,1001.9,0.0,,,
647,2009-12-06T23:00:00,7.0,5.1,87.99,0.0,0.0,,0.0,0.0,17.9,217.0,1002.8,14.8,,,
648,2009-12-07T00:00:00,6.6,5.0,89.22,0.0,0.0,,0.0,0.0,15.6,207.0,1002.9,0.0,,,
649,2009-12-07T01:00:00,6.5,5.0,89.87,0.0,0.0,,0.0,0.0,16.0,195.0,1002.9,25.8,,,
650,2009-12-07T02:00:00,6.7,5.5,92.04,0.0,0.0,,0.0,0.0,15.2,195.0,1003.8,43.0,,,
651,2009-12-07T03:00:00,6.7,5.7,93.33,0.0,0.0,,0.0,0.0,17.3,183.0,1003.8,17.0,,,
652,2009-12-07T04:00:00,7.1,5.8,91.15,0.0,0.0,,0.0,0.0,15.9,184.0,1003.0,30.0,,,
653,2009-12-07T05:00:00,7.2,6.1,92.66,0.0,0.0,,0.0,0.0,17.7,188.0,1003.0,25.7,,,
654,2009-12-07T06:00:00,7.3,6.5,94.66,0.0,0.0,,0.0,0.0,15.3,178.0,1002.9,40.3,,,
655,2009-12-07T07:00:00,7.6,6.7,93.57,0.0,0.0,,0.0,0.0,17.1,167.0,1001.8,24.0,,,
656,2009-12-07T08:00:00,8.4,7.5,94.29,0.0,0.0,,0.0,0.0,18.4,171.0,1001.8,32.3,,,
657,2009-12-07T09:00:00,9.1,7.8,91.23,0.0,0.0,,0.0,0.0,21.5,176.0,1001.6,53.8,,,
658,2009-12-07T10:00:00,9.5,8.6,93.95,0.0,0.0,,0.0,0.0,23.8,178.0,1000.7,58.6,,,
659,2009-12-07T11:00:00,10.2,,90.98,0.0,0.0,,0.0,0.0,25.7,180.0,1000.5,66.6,,,
660,2009-12-07T12:00:00,10.6,8.8,88.49,0.0,0.0,,0.0,0.0,26.5,178.0,999.5,87.2,,,
661,2009-12-07T13:00:00,10.5,8.8,89.71,0.0,0.0,,0.0,0.0,28.0,177.0,998.6,83.5,,,
662,2009-12-07T14:00:00,10.1,8.4,89.09,0.0,0.0,,0.0,0.0,29.3,178.0,997.6,72.1,,,
663,2009-12-07T15:00:00,9.5,8.1,91.1,0.0,0.0,,0.0,0.0,25.2,170.0,996.7,86.5,,,
664,2009-12-07T16:00:00,9.4,8.1,91.13,0.0,,,0.0,0.0,28.0,167.0,996.6,90.4,,,
665,2009-12-07T17:00:00,9.3,8.0,91.73,0.0,0.0,,0.0,0.0,30.1,166.0,995.6,90.4,,,
666,2009-12-07T18:00:00,8.7,8.0,95.38,1.1,100.0,rain,0.0,0.0,25.9,201.0,995.1,86.7,,,
667,2009-12-07T19:00:00,7.5,6.8,95.45,0.118,100.0,rain,0.0,0.0,13.6,235.0,995.9,75.2,,,
668,2009-12-07T20:00:00,7.3,6.6,95.42,0.0,0.0,,0.0,0.0,11.6,214.0,996.8,92.6,,,
669,2009-12-07T21:00:00,7.2,6.3,94.31,0.0,0.0,,0.0,0.0,9.5,224.0,997.0,59.2,,,
670,2009-12-07T22:00:00,6.5,5.4,92.9,0.0,0.0,,0.0,0.0,12.8,237.0,997.1,82.8,,,
671,2009-12-07T23:00:00,6.1,5.2,93.62,0.0,0.0,,0.0,0.0,15.0,240.0,998.2,31.2,,,
672,2009-12-08T00:00:00,5.5,,93.34,0.374,100.0,rain,0.0,0.0,16.9,252.0,999.1,7.7,,,
673,2009-12-08T01:00:00,5.4,4.4,93.42,0.0,0.0,,0.0,0.0,21.0,265.0,1000.1,34.1,,,
674,2009-12-08T02:00:00,4.8,3.9,93.84,0.0,0.0,,0.0,0.0,19.2,263.0,1001.1,34.3,,,
675,2009-12-08T03:00:00,5.4,4.1,91.19,0.0,0.0,,0.0,0.0,20.1,259.0,1002.1,74.4,,,
676,2009-12-08T04:00:00,5.4,4.5,93.95,0.0,0.0,,0.0,0.0,21.0,254.0,1003.1,69.5,,,
677,2009-12-08T05:00:00,5.7,4.7,93.44,0.0,0.0,,0.0,0.0,24.5,263.0,1004.1,68.7,,,
678,2009-12-08T06:00:00,5.9,4.6,91.79,0.142,100.0,rain,0.0,0.0,22.2,266.0,1005.2,83.0,,,
679,2009-12-08T07:00:00,5.2,4.4,94.63,0.0,0.0,,0.0,0.0,17.9,249.0,1006.2,60.9,,,
680,2009-12-08T08:00:00,5.2,4.4,94.25,0.0,0.0,,0.0,0.0,16.0,259.0,1007.3,55.5,,,
681,2009-12-08T09:00:00,6.1,5.3,94.22,0.0,0.0,,0.0,0.0,17.9,259.0,1008.2,53.8,,,
682,2009-12-08T10:00:00,7.1,5.8,91.0,0.0,0.0,,0.0,0.0,18.1,251.0,1009.2,57.6,,,
683,2009-12-08T11:00:00,8.1,6.1,87.1,0.0,0.0,,0.0,0.0,20.5,259.0,1010.1,,,,
684,2009-12-08T12:00:00,9.0,6.3,,0.0,0.0,,0.0,0.0,21.9,250.0,1010.7,42.1,,,
685,2009-12-08T13:00:00,8.9,6.2,83.19,0.0,0.0,,0.0,0.0,18.6,243.0,1010.9,64.6,,,
686,2009-12-08T14:00:00,8.7,6.1,83.67,0.0,0.0,,0.0,0.0,14.1,233.0,1011.0,64.6,,,
687,2009-12-08T15:00:00,7.6,6.0,89.37,0.0,0.0,,0.0,0.0,10.9,201.0,1011.7,0.0,,,
688,2009-12-08T16:00:00,7.4,6.0,90.82,0.0,0.0,,0.0,0.0,10.8,173.0,1011.8,27.9,,,
689,2009-12-08T17:00:00,7.0,5.9,92.56,0.0,0.0,,0.0,0.0,12.2,166.0,1011.9,59.4,,,
690,2009-12-08T18:00:00,7.7,6.2,89.86,0.0,0.0,,0.0,0.0,13.0,171.0,1011.9,94.5,,,
691,2009-12-08T19:00:00,8.0,6.6,90.88,0.0,0.0,,0.0,0.0,16.0,183.0,1011.8,74.4,,,
692,2009-12-08T20:00:00,8.4,7.1,91.54,0.0,0.0,,0.0,0.0,17.7,196.0,1011.8,57.0,,,
693,2009-12-08T21:00:00,8.6,7.8,94.71,0.0,0.0,,0.0,0.0,18.7,196.0,1011.7,92.5,,,
694,2009-12-08T22:00:00,8.8,8.1,95.38,0.0,0.0,,0.0,0.0,21.6,187.0,1011.7,93.3,,,
695,2009-12-08T23:00:00,9.1,8.7,96.88,0.074,100.0,rain,0.0,0.0,20.5,185.0,1011.8,86.4,,,
696,2009-12-09T00:00:00,9.5,9.0,96.79,0.672,100.0,rain,0.0,0.0,19.5,185.0,1012.6,98.1,,,
697,2009-12-09T01:00:00,9.6,9.6,100.0,0.022,100.0,rain,0.0,0.0,16.4,185.0,1012.7,98.1,,,
698,2009-12-09T02:00:00,9.7,9.6,99.62,0.0,0.0,,0.0,0.0,17.1,196.0,1012.8,83.5,,,
699,2009-12-09T03:00:00,10.2,10.1,99.62,0.0,0.0,,0.0,0.0,13.8,205.0,1012.9,80.3,,,
700,2009-12-09T04:00:00,9.6,9.5,99.55,0.0,0.0,,0.0,0.0,13.2,212.0,1013.8,46.2,,,
701,2009-12-09T05:00:00,9.9,9.8,99.62,0.0,0.0,,0.0,0.0,11.6,219.0,1013.9,74.2,,,
702,2009-12-09T06:00:00,9.2,9.1,99.36,0.0,0.0,,0.0,0.0,9.8,221.0,1014.8,46.2,,,
703,2009-12-09T07:00:00,8.6,8.6,99.81,0.0,0.0,,0.0,0.0,9.8,215.0,1015.0,32.3,,,
704,2009-12-09T08:00:00,9.1,8.6,97.13,0.0,0.0,,0.0,0.0,10.0,217.0,1016.0,61.2,,,
705,2009-12-09T09:00:00,8.7,8.7,100.0,0.0,0.0,,0.0,0.0,10.0,216.0,1016.8,51.0,,,
706,2009-12-09T10:00:00,9.6,9.1,96.41,0.0,0.0,,0.0,0.0,11.5,220.0,1017.0,64.5,,,
707,2009-12-09T11:00:00,10.3,9.8,96.18,0.0,0.0,,0.0,0.0,14.6,221.0,1017.8,73.8,,,
708,2009-12-09T12:00:00,10.5,9.7,94.74,0.0,0.0,,0.0,0.0,13.6,215.0,1017.9,82.6,,,
709,2009-12-09T13:00:00,10.8,10.0,94.74,0.0,0.0,,0.0,0.0,13.5,226.0,1018.0,88.1,,,
710,2009-12-09T14:00:00,10.8,10.0,94.73,0.0,0.0,,0.0,0.0,12.8,224.0,1018.0,74.4,,,
711,2009-12-09T15:00:00,10.8,10.0,94.8,0.0,0.0,,0.0,0.0,9.6,226.0,1018.8,68.7,,,
712,2009-12-09T16:00:00,10.3,9.7,95.8,0.0,0.0,,0.0,0.0,5.6,196.0,1018.8,95.5,,,
713,2009-12-09T17:00:00,10.0,9.6,97.02,0.0,0.0,,0.0,0.0,7.5,175.0,1018.9,80.1,,,
714,2009-12-09T18:00:00,9.8,9.3,96.59,0.0,0.0,,0.0,0.0,8.0,166.0,1019.0,88.3,,,
715,2009-12-09T19:00:00,9.8,9.3,96.9,0.0,0.0,,0.0,0.0,8.3,179.0,1019.1,91.9,,,
716,2009-12-09T20:00:00,9.8,9.3,96.9,0.0,0.0,,0.0,0.0,9.6,183.0,1019.0,65.1,,,
717,2009-12-09T21:00:00,9.7,9.3,97.15,0.0,0.0,,0.0,0.0,8.2,208.0,1019.1,57.2,,,
718,2009-12-09T22:00:00,9.4,9.4,100.0,0.0,0.0,,0.0,0.0,8.8,289.0,1018.8,44.3,,,
719,2009-12-09T23:00:00,9.4,9.4,99.61,0.0,0.0,,0.0,0.0,11.9,221.0,1018.8,83.1,,,
720,2009-12-10T00:00:00,9.4,9.3,99.1,0.0,0.0,,0.0,0.0,15.0,228.0,1018.8,81.0,,,
721,2009-12-10T01:00:00,9.6,9.4,98.49,0.022,100.0,rain,0.0,0.0,17.5,239.0,1018.9,80.1,,,
722,2009-12-10T02:00:00,9.5,9.2,97.66,0.022,100.0,rain,0.0,0.0,17.7,243.0,1018.8,72.9,,,
723,2009-12-10T03:00:00,9.4,8.5,94.02,0.0,0.0,,0.0,0.0,20.9,259.0,1019.0,75.0,,,
724,2009-12-10T04:00:00,9.2,7.9,91.89,0.0,0.0,,0.0,0.0,23.6,264.0,1019.2,7.7,,,
725,2009-12-10T05:00:00,8.5,7.7,94.43,0.0,0.0,,0.0,0.0,22.1,274.0,1020.2,0.0,,,
726,2009-12-10T06:00:00,8.1,6.9,92.33,0.257,100.0,rain,0.0,0.0,20.8,278.0,1021.1,28.7,,,
727,2009-12-10T07:00:00,7.2,6.0,92.37,0.0,0.0,,0.0,0.0,19.3,279.0,1022.2,0.0,,,
728,2009-12-10T08:00:00,6.9,5.8,92.53,0.0,0.0,,0.0,0.0,17.7,281.0,1023.2,25.8,,,
729,2009-12-10T09:00:00,6.9,5.7,92.09,0.0,0.0,,0.0,0.0,20.0,274.0,1024.2,21.5,,,
730,2009-12-10T10:00:00,7.4,6.0,90.57,0.0,0.0,,0.0,0.0,20.9,283.0,1025.3,25.7,,,
731,2009-12-10T11:00:00,8.3,6.8,90.26,0.0,0.0,,0.0,0.0,22.6,291.0,1026.2,21.5,,,
732,2009-12-10T12:00:00,9.1,7.0,86.64,0.0,0.0,,0.0,0.0,22.2,301.0,1026.3,21.5,,,
733,2009-12-10T13:00:00,9.3,7.0,85.48,0.0,0.0,,0.0,0.0,20.5,307.0,1027.1,21.5,,,
734,2009-12-10T14:00:00,9.2,7.0,85.82,0.0,0.0,,0.0,0.0,,312.0,1027.3,21.5,,,
735,2009-12-10T15:00:00,8.5,6.8,88.94,0.0,0.0,,0.0,0.0,15.1,308.0,1028.2,21.5,,,
736,2009-12-10T16:00:00,7.2,5.9,91.42,0.0,0.0,,0.0,0.0,12.6,308.0,1028.3,0.0,,,
737,2009-12-10T17:00:00,6.1,5.2,94.07,0.0,0.0,,0.0,0.0,10.4,292.0,1029.2,0.0,,,
738,2009-12-10T18:00:00,5.1,4.4,94.86,0.0,0.0,,0.0,0.0,11.5,298.0,1029.3,0.0,,,
739,2009-12-10T19:00:00,4.7,4.1,95.65,0.0,0.0,,0.0,0.0,10.0,303.0,1030.3,0.0,,,
740,2009-12-10T20:00:00,4.6,4.0,95.79,0.0,0.0,,0.0,0.0,11.1,314.0,1030.4,0.0,,,
741,2009-12-10T21:00:00,4.1,3.5,96.28,0.0,0.0,,0.0,0.0,11.3,321.0,1031.3,0.0,,,
742,2009-12-10T22:00:00,3.7,3.2,96.54,0.0,0.0,,0.0,0.0,10.7,325.0,1031.3,0.0,,,
743,2009-12-10T23:00:00,3.2,2.8,96.99,0.0,0.0,,0.0,0.0,11.1,336.0,1031.4,0.0,,,
744,2009-12-11T00:00:00,2.3,1.8,96.97,0.0,0.0,,0.0,0.0,11.4,333.0,1031.5,14.8,,,
745,2009-12-11T01:00:00,1.8,1.7,99.18,0.0,0.0,,0.0,0.0,10.4,337.0,1031.4,21.5,,,
746,2009-12-11T02:00:00,1.7,1.6,99.38,0.0,0.0,,0.0,0.0,10.1,15.0,1031.4,25.0,,,
747,2009-12-11T03:00:00,1.8,1.7,99.72,0.0,0.0,,,0.0,9.0,3.0,1031.4,23.4,,,
748,2009-12-11T04:00:00,1.7,1.2,96.76,0.0,0.0,,0.0,0.0,9.4,338.0,1031.5,29.1,,,
749,2009-12-11T05:00:00,1.9,1.9,99.8,0.0,0.0,,0.0,0.0,7.1,323.0,1031.5,67.3,,,
750,2009-12-11T06:00:00,1.7,1.6,99.8,0.201,100.0,"rain,snow",0.0,0.0,6.9,327.0,1031.5,30.0,,,
751,2009-12-11T07:00:00,2.2,2.1,99.39,0.0,0.0,,0.0,0.0,9.2,327.0,1032.1,,,,
752,2009-12-11T08:00:00,2.6,2.6,100.0,0.0,0.0,,0.0,0.0,10.8,337.0,1032.1,100.0,,,
753,2009-12-11T09:00:00,2.9,2.9,100.0,0.0,0.0,,0.0,0.0,9.7,353.0,1032.2,94.3,,,
754,2009-12-11T10:00:00,3.6,3.6,100.0,0.0,0.0,,0.0,0.0,11.2,347.0,1032.2,50.0,,,
755,2009-12-11T11:00:00,4.6,4.5,99.57,0.0,0.0,,0.0,0.0,13.0,355.0,1032.1,30.0,,,
756,2009-12-11T12:00:00,5.0,5.0,100.0,0.0,0.0,,0.0,0.0,12.1,334.0,1032.2,64.8,,,
757,2009-12-11T13:00:00,5.0,5.0,99.6,0.0,0.0,,0.0,0.0,12.9,352.0,1032.1,63.4,,,
758,2009-12-11T14:00:00,5.2,5.0,98.44,0.0,0.0,,0.0,0.0,12.7,344.0,1032.0,94.3,,,
759,2009-12-11T15:00:00,5.3,5.1,98.67,0.0,0.0,,0.0,0.0,12.8,346.0,1032.1,81.9,,,
760,2009-12-11T16:00:00,4.9,4.7,98.51,0.0,0.0,,0.0,0.0,13.8,344.0,1032.1,95.9,,,
761,2009-12-11T17:00:00,4.9,4.7,98.86,0.0,0.0,,0.0,0.0,12.3,353.0,1032.2,90.0,,,
762,2009-12-11T18:00:00,4.8,4.8,99.6,0.0,0.0,,0.0,0.0,10.6,353.0,1032.2,73.4,,,
763,2009-12-11T19:00:00,4.9,4.8,99.33,0.0,0.0,,0.0,0.0,9.3,360.0,1032.1,79.0,,,
764,2009-12-11T20:00:00,5.6,5.4,99.11,0.0,0.0,,0.0,0.0,10.2,356.0,1032.2,70.3,,,
765,2009-12-11T21:00:00,5.7,5.7,100.0,0.0,0.0,,0.0,0.0,9.7,3.0,1032.2,82.0,,,
766,2009-12-11T22:00:00,5.8,5.8,99.61,0.0,0.0,,0.0,0.0,11.8,360.0,1032.2,93.4,,,
767,2009-12-11T23:00:00,5.8,5.8,99.61,0.0,0.0,,0.0,0.0,11.0,1.0,1032.2,82.5,,,
768,2009-12-12T00:00:00,5.4,5.3,99.8,0.0,0.0,,0.0,0.0,11.2,351.0,1032.2,40.3,,,
769,2009-12-12T01:00:00,4.5,4.5,99.8,0.0,0.0,,0.0,0.0,11.8,349.0,1032.1,60.7,,,
770,2009-12-12T02:00:00,4.2,4.1,99.19,0.0,0.0,,0.0,0.0,11.3,351.0,1032.1,35.6,,,
771,2009-12-12T03:00:00,4.8,4.2,95.79,0.0,0.0,,0.0,0.0,10.8,2.0,1032.1,78.4,,,
772,2009-12-12T04:00:00,5.1,4.6,96.26,0.0,0.0,,0.0,0.0,11.1,3.0,1031.5,87.1,,,
773,2009-12-12T05:00:00,4.9,4.8,98.7,0.0,,,0.0,0.0,13.6,6.0,1031.5,56.5,,,
774,2009-12-12T06:00:00,4.8,4.3,96.77,0.16,100.0,rain,0.0,0.0,13.7,2.0,1031.4,61.4,,,
775,2009-12-12T07:00:00,4.5,4.4,99.05,0.0,0.0,,0.0,0.0,13.0,10.0,1031.4,76.5,,,
776,2009-12-12T08:00:00,4.2,4.0,98.92,0.0,0.0,,0.0,0.0,12.6,17.0,1031.5,40.6,,,
777,2009-12-12T09:00:00,4.3,4.1,98.23,0.0,0.0,,0.0,0.0,11.9,22.0,1031.5,21.9,,,
778,2009-12-12T10:00:00,5.7,5.1,96.21,0.0,0.0,,0.0,0.0,13.0,17.0,1032.0,38.4,,,
779,2009-12-12T11:00:00,6.5,5.7,94.48,0.0,0.0,,0.0,0.0,17.9,28.0,1032.1,19.0,,,
780,2009-12-12T12:00:00,7.4,5.8,89.75,0.0,0.0,,0.0,0.0,18.6,44.0,1031.5,35.0,,,
781,2009-12-12T13:00:00,7.3,5.4,87.77,0.0,0.0,,0.0,0.0,17.6,52.0,1031.4,54.3,,,
782,2009-12-12T14:00:00,7.2,4.8,84.78,0.0,0.0,,0.0,0.0,16.1,51.0,1031.3,38.2,,,
783,2009-12-12T15:00:00,6.6,4.8,88.17,0.0,0.0,,0.0,0.0,13.0,32.0,1031.3,64.6,,,
784,2009-12-12T16:00:00,6.1,4.8,91.76,0.0,0.0,,0.0,0.0,14.2,,1031.3,57.4,,,
785,2009-12-12T17:00:00,5.0,4.2,94.6,0.0,0.0,,0.0,0.0,11.4,24.0,1030.5,52.6,,,
786,2009-12-12T18:00:00,5.1,4.3,94.6,0.284,100.0,rain,0.0,0.0,14.9,15.0,1030.5,52.9,,,
787,2009-12-12T19:00:00,4.9,4.3,96.14,0.0,0.0,,0.0,0.0,15.4,17.0,1030.5,72.8,,,
788,2009-12-12T20:00:00,4.1,3.6,96.25,0.0,0.0,,0.0,0.0,14.0,15.0,1030.4,26.8,,,
789,2009-12-12T21:00:00,4.2,3.6,96.06,0.0,0.0,,0.0,0.0,14.6,20.0,1030.4,29.5,,,
790,2009-12-12T22:00:00,3.6,3.5,99.59,0.0,0.0,,0.0,0.0,11.6,18.0,1030.4,40.8,,,
791,2009-12-12T23:00:00,3.7,3.4,98.01,0.0,0.0,,0.0,0.0,13.9,14.0,1030.4,41.3,,,
792,2009-12-13T00:00:00,3.5,3.2,97.58,0.382,100.0,rain,0.0,0.0,13.5,11.0,1029.5,38.2,,,
793,2009-12-13T01:00:00,3.6,2.9,95.59,0.0,0.0,,0.0,0.0,14.0,4.0,1029.5,56.5,,,
794,2009-12-13T02:00:00,4.1,3.1,93.14,0.0,0.0,,0.0,0.0,15.9,24.0,1029.4,64.8,,,
795,2009-12-13T03:00:00,3.3,2.3,93.1,0.0,0.0,,0.0,0.0,13.9,13.0,1029.3,42.1,,,
796,2009-12-13T04:00:00,3.3,2.3,92.91,0.0,0.0,,0.0,0.0,14.6,18.0,1029.2,71.6,,,
797,2009-12-13T05:00:00,3.4,2.4,92.69,0.0,0.0,,0.0,0.0,10.3,33.0,1028.4,71.2,,,
798,2009-12-13T06:00:00,3.4,2.5,93.62,0.142,100.0,rain,0.0,0.0,12.6,1.0,1028.4,92.4,,,
799,2009-12-13T07:00:00,3.6,2.6,92.67,0.0,0.0,,0.0,0.0,12.4,8.0,1028.3,81.0,,,
800,2009-12-13T08:00:00,4.1,3.1,93.17,0.0,0.0,,0.0,0.0,11.8,17.0,1028.3,72.3,,,
801,2009-12-13T09:00:00,3.7,3.4,98.48,0.0,0.0,,0.0,0.0,13.3,10.0,1028.3,73.5,,,
802,2009-12-13T10:00:00,4.3,3.7,96.35,0.0,0.0,,0.0,0.0,14.3,5.0,1028.3,40.6,,,
803,2009-12-13T11:00:00,5.5,4.5,93.18,0.0,0.0,,0.0,0.0,21.2,17.0,1027.5,47.2,,,
804,2009-12-13T12:00:00,5.9,4.8,93.08,0.396,100.0,rain,0.0,0.0,17.4,31.0,1027.2,45.7,,,
805,2009-12-13T13:00:00,6.1,4.6,90.25,0.0,0.0,,0.0,0.0,20.0,41.0,1026.4,48.8,,,
806,2009-12-13T14:00:00,5.1,4.1,93.07,0.059,100.0,rain,0.0,0.0,20.4,37.0,1026.3,52.9,,,
807,2009-12-13T15:00:00,5.2,4.1,92.67,0.0,0.0,,0.0,0.0,19.4,31.0,1026.3,54.6,,,
808,2009-12-13T16:00:00,4.4,3.9,96.62,0.0,0.0,,0.0,0.0,14.4,21.0,1026.3,66.6,,,
809,2009-12-13T17:00:00,3.8,3.6,98.91,0.0,0.0,,0.0,0.0,11.4,24.0,1025.5,75.9,,,
810,2009-12-13T18:00:00,3.4,2.9,96.33,0.629,100.0,rain,0.0,0.0,10.2,22.0,1025.4,41.0,,,
811,2009-12-13T19:00:00,2.7,2.6,99.31,0.0,0.0,,0.0,0.0,9.4,22.0,1025.4,83.8,,,
812,2009-12-13T20:00:00,2.4,1.9,96.31,0.0,0.0,,0.0,0.0,8.9,23.0,1025.4,25.8,,,
813,2009-12-13T21:00:00,1.6,1.4,98.75,0.0,0.0,,0.0,0.0,8.6,16.0,1025.4,47.8,,,
814,2009-12-13T22:00:00,1.6,1.0,95.61,0.0,0.0,,0.0,0.0,8.2,12.0,1025.4,23.4,,,
815,2009-12-13T23:00:00,1.0,0.4,95.56,0.0,0.0,,0.0,,7.6,357.0,1025.3,33.9,,,
816,2009-12-14T00:00:00,0.8,0.5,98.2,0.0,0.0,,0.0,0.0,7.2,7.0,1025.2,37.8,,,
817,2009-12-14T01:00:00,0.7,0.5,98.33,0.0,0.0,,0.0,0.0,8.0,352.0,1024.3,48.8,,,
818,2009-12-14T02:00:00,0.7,0.4,98.19,0.0,0.0,,0.0,0.0,8.0,350.0,1024.2,40.1,,,
819,2009-12-14T03:00:00,0.9,0.3,95.75,0.0,0.0,,0.0,0.0,7.7,14.0,1024.2,51.5,,,
820,2009-12-14T04:00:00,0.5,0.0,96.65,0.0,0.0,,0.0,0.0,9.4,352.0,1023.2,63.0,,,
821,2009-12-14T05:00:00,0.4,0.3,99.44,0.0,0.0,,0.0,0.0,5.8,4.0,,61.7,,,
822,2009-12-14T06:00:00,0.9,0.9,100.0,0.0,0.0,,0.0,0.0,4.5,55.0,1023.0,70.8,,,
823,2009-12-14T07:00:00,0.8,0.3,96.53,0.0,0.0,,0.0,0.0,4.0,41.0,1022.3,80.9,,,
824,2009-12-14T08:00:00,0.6,0.4,98.79,0.0,0.0,,0.0,0.0,4.9,321.0,1023.1,57.8,,,
825,2009-12-14T09:00:00,1.0,1.0,99.97,0.0,0.0,,0.0,0.0,3.9,327.0,1022.2,80.1,,,
826,2009-12-14T10:00:00,1.7,1.4,97.52,0.0,0.0,,0.0,0.0,3.3,325.0,1022.2,72.3,,,
827,2009-12-14T11:00:00,3.1,2.3,94.53,0.0,0.0,,0.0,0.0,3.4,318.0,1022.2,89.5,,,
828,2009-12-14T12:00:00,3.8,3.0,94.53,0.0,0.0,,0.0,0.0,2.2,326.0,1021.2,81.7,,,
829,2009-12-14T13:00:00,,3.5,92.81,0.0,0.0,,0.0,0.0,2.9,311.0,1021.0,53.1,,,
830,2009-12-14T14:00:00,5.2,3.4,88.15,0.0,0.0,,0.0,0.0,3.3,282.0,1020.2,61.7,,,
831,2009-12-14T15:00:00,4.4,2.9,89.56,0.0,0.0,,0.0,0.0,2.1,206.0,1020.1,83.7,,,
832,2009-12-14T16:00:00,4.0,2.1,87.67,0.0,0.0,,0.0,0.0,2.1,171.0,1020.1,86.8,,,
833,2009-12-14T17:00:00,3.7,2.5,91.83,0.0,0.0,,0.0,0.0,3.2,161.0,1020.0,81.9,,,
834,2009-12-14T18:00:00,3.5,2.2,91.02,0.022,100.0,rain,0.0,0.0,3.8,151.0,1019.9,94.0,,,
835,2009-12-14T19:00:00,3.0,1.8,92.05,0.022,100.0,rain,0.0,0.0,6.7,170.0,1019.9,70.8,,,
836,2009-12-14T20:00:00,3.1,1.7,91.04,0.0,0.0,,0.0,0.0,7.3,171.0,1019.1,96.9,,,
837,2009-12-14T21:00:00,2.4,1.0,90.59,0.0,0.0,,0.0,0.0,7.0,167.0,1019.0,50.2,,,
838,2009-12-14T22:00:00,2.3,0.9,90.43,0.0,0.0,,0.0,0.0,7.7,170.0,1019.1,95.4,,,
839,2009-12-14T23:00:00,2.3,0.9,90.29,0.0,0.0,,0.0,0.0,9.2,163.0,1019.1,100.0,,,
840,2009-12-15T00:00:00,2.2,0.9,90.73,0.0,0.0,,0.0,0.0,8.6,166.0,1019.0,52.4,,,
841,2009-12-15T01:00:00,1.6,0.7,94.09,0.0,0.0,,0.0,0.0,9.2,180.0,1019.0,52.0,,,
842,2009-12-15T02:00:00,0.9,-0.1,93.32,0.0,0.0,,0.0,0.0,8.1,173.0,1019.0,53.4,,,
843,2009-12-15T03:00:00,0.7,-0.3,93.0,0.0,0.0,,0.0,0.0,9.7,172.0,1018.9,56.3,,,
844,2009-12-15T04:00:00,0.1,-0.5,95.45,0.0,0.0,,0.0,0.0,10.6,169.0,1019.0,35.7,,,
845,2009-12-15T05:00:00,-0.1,-1.1,92.76,0.0,0.0,,0.0,0.0,8.9,173.0,1019.0,49.8,,,
846,2009-12-15T06:00:00,-0.4,-1.5,92.36,0.16,100.0,"rain,snow",0.0,0.0,8.0,170.0,1019.0,62.7,,,
847,2009-12-15T07:00:00,-0.5,-1.7,91.7,0.0,0.0,,0.0,0.0,6.9,180.0,1019.1,90.0,,,
848,2009-12-15T08:00:00,-0.8,-1.9,92.68,0.0,0.0,,0.0,0.0,4.3,150.0,1019.1,83.1,,,
849,2009-12-15T09:00:00,-0.7,-1.6,93.77,0.0,0.0,,0.0,0.0,4.0,101.0,1019.2,71.5,,,
850,2009-12-15T10:00:00,0.4,-0.8,91.76,0.0,0.0,,0.0,0.0,5.3,150.0,1019.2,62.9,,,
851,2009-12-15T11:00:00,0.8,0.0,94.5,0.0,0.0,,0.0,0.0,4.9,218.0,1019.2,49.7,,,
852,2009-12-15T12:00:00,1.8,0.6,91.58,0.0,0.0,,0.0,0.0,6.0,277.0,1019.2,79.3,,,
853,2009-12-15T13:00:00,2.1,0.6,89.62,0.0,0.0,,0.0,0.0,5.5,1.0,,63.4,,,
854,2009-12-15T14:00:00,1.7,0.4,90.82,0.0,0.0,,0.0,0.0,6.2,63.0,1018.0,69.4,,,
855,2009-12-15T15:00:00,1.4,0.6,94.52,0.0,0.0,,0.0,0.0,6.0,28.0,1018.2,69.5,,,
856,2009-12-15T16:00:00,1.1,0.1,93.17,0.0,0.0,,0.0,0.0,3.6,29.0,1018.1,66.1,,,
857,2009-12-15T17:00:00,0.7,-0.7,90.79,0.0,0.0,,0.0,0.0,1.7,134.0,1018.1,87.9,,,
858,2009-12-15T18:00:00,0.2,-1.2,89.93,0.0,0.0,,0.0,0.0,3.3,18.0,1018.2,76.8,,,
859,2009-12-15T19:00:00,0.2,-1.7,86.69,0.0,0.0,,0.0,0.0,5.0,107.0,1018.3,63.8,,,
860,2009-12-15T20:00:00,-0.2,-1.9,88.55,0.0,,,0.0,0.0,4.0,83.0,1019.1,74.4,,,
861,2009-12-15T21:00:00,-0.5,-1.8,91.0,0.0,0.0,,0.0,0.0,4.4,325.0,1018.2,93.4,,,
862,2009-12-15T22:00:00,-0.1,-1.7,88.81,0.0,0.0,,0.0,0.0,2.2,162.0,1018.2,100.0,,,
863,2009-12-15T23:00:00,-0.1,-2.3,85.14,0.0,0.0,,0.0,0.0,3.8,213.0,1018.1,73.7,,,
864,2009-12-16T00:00:00,-0.8,-2.6,87.47,0.0,0.0,,0.0,0.0,5.7,259.0,1017.3,77.7,,,
865,2009-12-16T01:00:00,-1.7,-2.6,93.84,0.0,0.0,,0.0,0.0,6.0,249.0,1017.2,86.3,,,
866,2009-12-16T02:00:00,-1.4,-2.3,93.45,0.0,0.0,,0.0,0.0,7.0,243.0,1017.1,79.6,,,
867,2009-12-16T03:00:00,-2.0,-2.9,93.57,0.0,0.0,,0.0,0.0,7.2,240.0,1016.1,64.7,,,
868,2009-12-16T04:00:00,-2.4,-3.3,93.69,,0.0,,0.0,0.0,5.4,262.0,1016.0,21.7,,,
869,2009-12-16T05:00:00,-2.7,-3.6,94.01,0.0,0.0,,0.0,0.0,6.2,249.0,1015.0,42.8,,,
870,2009-12-16T06:00:00,-3.0,-3.7,95.02,0.0,0.0,,0.0,0.0,7.9,255.0,1014.1,26.9,,,
871,2009-12-16T07:00:00,-3.3,-3.7,97.7,0.0,0.0,,0.0,0.0,10.4,257.0,1013.0,37.4,,,
872,2009-12-16T08:00:00,-2.8,-3.2,97.28,0.0,0.0,,0.0,0.0,10.6,237.0,1012.1,73.3,,,
873,2009-12-16T09:00:00,-1.5,-2.4,93.9,0.0,0.0,,0.0,0.0,12.1,241.0,1011.9,63.6,,,
874,2009-12-16T10:00:00,-0.7,-1.6,93.31,0.0,0.0,,0.0,0.0,12.7,227.0,1011.0,93.3,,,
875,2009-12-16T11:00:00,-0.3,-1.3,92.86,0.0,0.0,,0.0,0.0,15.2,233.0,1010.3,96.5,,,
876,2009-12-16T12:00:00,-0.1,-0.7,95.7,0.06,100.0,"rain,snow",0.0,0.0,16.5,240.0,1010.0,90.3,,,
877,2009-12-16T13:00:00,0.5,-0.4,93.95,0.022,100.0,"rain,snow",0.0,0.0,16.9,245.0,1009.1,86.4,,,
878,2009-12-16T14:00:00,0.7,0.3,97.51,0.081,100.0,"rain,snow",0.0,0.0,16.4,248.0,1008.2,100.0,,,
879,2009-12-16T15:00:00,0.6,0.4,98.5,,0.0,,0.0,0.0,14.6,246.0,1007.3,88.3,,,
880,2009-12-16T16:00:00,0.7,0.6,99.3,0.0,0.0,,0.0,0.0,12.8,251.0,1007.2,98.1,,,
881,2009-12-16T17:00:00,0.9,0.7,98.89,0.044,100.0,"rain,snow",0.0,0.0,14.1,245.0,1007.1,98.1,,,
882,2009-12-16T18:00:00,1.3,,96.47,0.795,100.0,"rain,snow",0.0,0.0,11.5,246.0,1006.2,100.0,,,
883,2009-12-16T19:00:00,1.4,1.3,99.3,0.059,100.0,"rain,snow",0.0,0.0,9.8,248.0,1006.1,65.4,,,
884,2009-12-16T20:00:00,1.4,1.3,99.18,0.022,100.0,"rain,snow",0.0,0.0,8.8,250.0,1006.1,90.4,,,
885,2009-12-16T21:00:00,1.6,1.5,99.72,0.0,0.0,,0.0,0.0,6.8,256.0,1006.1,62.0,,,
886,2009-12-16T22:00:00,1.6,1.6,99.46,0.022,100.0,"rain,snow",0.0,0.0,5.4,282.0,1006.2,49.7,,,
887,2009-12-16T23:00:00,2.1,1.9,99.21,0.0,0.0,,0.0,0.0,8.3,322.0,1006.3,90.7,,,
888,2009-12-17T00:00:00,2.2,2.2,99.8,1.383,100.0,rain,0.0,0.0,8.9,346.0,1006.3,81.6,,,
889,2009-12-17T01:00:00,2.2,2.1,99.49,0.0,0.0,,0.0,0.0,12.3,344.0,1006.4,66.1,,,
890,2009-12-17T02:00:00,1.9,1.7,98.57,0.0,0.0,,0.0,0.0,14.9,354.0,1006.6,64.1,,,
891,2009-12-17T03:00:00,1.6,0.8,94.69,0.0,0.0,,0.0,0.0,14.9,359.0,1007.3,35.0,,,
892,2009-12-17T04:00:00,1.3,0.5,94.68,0.0,0.0,,0.0,0.0,15.8,346.0,1007.3,34.1,,,
893,2009-12-17T05:00:00,1.2,0.1,92.56,0.0,0.0,,0.0,0.0,16.5,346.0,1006.6,43.4,,,
894,2009-12-17T06:00:00,0.9,-0.2,92.44,0.0,0.0,,0.0,0.0,14.9,331.0,1006.5,37.8,,,
895,2009-12-17T07:00:00,0.9,-0.2,92.06,0.0,0.0,,0.0,0.0,17.5,335.0,1006.5,68.8,,,
896,2009-12-17T08:00:00,1.0,0.3,94.79,0.0,0.0,,0.0,0.0,24.3,349.0,1006.7,49.4,,,
897,2009-12-17T09:00:00,1.1,0.4,94.83,0.022,100.0,"rain,snow",1.88,1.88,20.4,351.0,1007.5,50.9,,,
898,2009-12-17T10:00:00,2.0,0.7,91.36,0.0,0.0,,0.4,2.27,25.6,2.0,1007.6,47.3,,,
899,2009-12-17T11:00:00,2.4,1.3,92.21,0.0,0.0,,0.4,2.67,21.9,,1007.7,36.8,,,
900,2009-12-17T12:00:00,3.0,1.2,87.69,0.187,100.0,rain,0.4,3.07,30.6,4.0,1007.7,44.5,,,
901,2009-12-17T13:00:00,1.8,0.9,93.45,0.0,0.0,,0.4,3.47,31.3,360.0,1007.4,77.2,,,
902,2009-12-17T14:00:00,1.6,0.6,93.24,0.022,100.0,"rain,snow",0.4,3.86,27.9,4.0,1007.7,81.8,,,
903,2009-12-17T15:00:00,1.0,0.4,95.93,0.0,0.0,,0.4,4.26,37.4,8.0,1008.6,77.7,,,
904,2009-12-17T16:00:00,0.9,-1.0,87.06,0.0,0.0,,0.4,4.66,34.2,5.0,1008.7,36.1,,,
905,2009-12-17T17:00:00,0.9,-1.1,86.39,0.0,0.0,,0.4,5.05,34.8,360.0,1008.6,37.3,,,
906,2009-12-17T18:00:00,0.5,-2.2,81.85,0.0,0.0,,0.4,5.45,32.7,354.0,1007.8,84.3,,,
907,2009-12-17T19:00:00,0.4,-0.3,94.68,0.0,0.0,,0.4,5.85,36.1,353.0,1007.8,85.6,,,
908,2009-12-17T20:00:00,-0.1,-0.4,97.77,0.0,0.0,,0.4,6.25,37.2,354.0,1006.9,70.1,,,
909,2009-12-17T21:00:00,0.2,-0.1,97.58,0.036,100.0,"rain,snow",0.4,6.64,35.9,356.0,1007.0,86.7,,,
910,2009-12-17T22:00:00,0.4,-0.1,97.04,0.0,0.0,,0.4,7.04,37.3,14.0,1007.1,95.2,,,
911,2009-12-17T23:00:00,0.4,0.1,97.54,0.044,100.0,"rain,snow",0.4,7.44,36.8,25.0,1008.0,89.4,,,
912,2009-12-18T00:00:00,0.5,0.2,97.51,0.53,100.0,"rain,snow",0.4,7.84,35.6,32.0,1008.8,95.2,,,
913,2009-12-18T01:00:00,0.3,-0.1,96.94,0.022,100.0,"rain,snow",0.4,8.23,27.9,42.0,1009.7,89.5,,,
914,2009-12-18T02:00:00,0.4,-0.2,95.46,0.169,100.0,"rain,snow",0.4,8.63,24.5,41.0,1010.7,93.3,,,
915,2009-12-18T03:00:00,0.3,-0.4,95.19,0.059,100.0,"rain,snow",0.4,9.03,25.7,43.0,1011.2,82.2,,,
916,2009-12-18T04:00:00,0.0,-0.3,98.08,0.0,0.0,,0.4,9.42,20.5,29.0,1011.3,87.4,,,
917,2009-12-18T05:00:00,-0.5,-0.7,98.47,0.0,0.0,,0.4,9.82,16.7,20.0,1011.3,79.8,,,
918,2009-12-18T06:00:00,-1.2,-1.4,98.66,0.573,100.0,"rain,snow",0.4,10.22,21.6,21.0,1011.5,55.4,,,
919,2009-12-18T07:00:00,-1.4,-2.2,93.76,,0.0,,0.4,10.62,20.6,21.0,1012.4,66.0,,,
920,2009-12-18T08:00:00,-1.3,-2.6,91.41,0.0,0.0,,0.4,11.01,18.2,35.0,1013.4,44.6,,,
921,2009-12-18T09:00:00,-2.0,-3.6,88.86,0.0,0.0,,0.0,0.0,16.5,30.0,1014.3,38.5,,,
922,2009-12-18T10:00:00,-1.9,-3.2,90.43,0.0,0.0,,0.0,0.0,13.3,36.0,1014.4,39.7,,,
923,2009-12-18T11:00:00,-1.4,-2.8,89.63,0.0,0.0,,0.0,0.0,11.3,32.0,1014.4,31.9,,,
924,2009-12-18T12:00:00,-0.8,-1.7,93.89,0.532,100.0,"rain,snow",0.0,0.0,11.2,8.0,1014.3,38.2,,,
925,2009-12-18T13:00:00,-0.5,-1.6,92.05,0.0,0.0,,0.0,0.0,12.6,352.0,1014.3,38.9,,,
926,2009-12-18T14:00:00,0.0,-1.4,90.07,0.0,0.0,,0.0,0.0,15.6,348.0,1014.3,92.1,,,
927,2009-12-18T15:00:00,-0.1,-0.6,96.78,0.0,0.0,,0.0,0.0,14.6,346.0,1014.3,67.4,,,
928,2009-12-18T16:00:00,-0.7,-0.8,99.29,0.0,0.0,,0.0,0.0,14.5,333.0,1014.2,34.9,,,
929,2009-12-18T17:00:00,-0.9,-1.1,98.77,0.0,0.0,,0.0,0.0,17.6,329.0,1014.2,89.5,,,
930,2009-12-18T18:00:00,-1.0,-1.4,96.61,0.374,100.0,"rain,snow",0.0,0.0,17.9,333.0,1014.2,72.3,,,
931,2009-12-18T19:00:00,-1.4,-1.6,98.07,0.022,100.0,"rain,snow",0.0,0.0,18.6,330.0,1013.5,55.0,,,
932,2009-12-18T20:00:00,-1.3,-1.9,95.95,0.0,0.0,,0.0,0.0,17.9,329.0,1013.5,62.2,,,
933,2009-12-18T21:00:00,-0.9,-1.5,95.29,0.0,0.0,,0.0,0.0,20.3,335.0,1013.5,75.9,,,
934,2009-12-18T22:00:00,-0.6,-1.2,95.56,0.0,0.0,,0.0,0.0,19.9,334.0,1013.4,75.9,,,
935,2009-12-18T23:00:00,-1.2,-1.4,98.72,0.0,0.0,,0.0,0.0,20.5,334.0,1013.4,78.7,,,
936,2009-12-19T00:00:00,-1.0,-1.6,95.56,0.0,0.0,,0.0,0.0,19.0,332.0,1013.4,83.7,,,
937,2009-12-19T01:00:00,-1.8,-2.0,98.44,0.0,0.0,,0.0,0.0,21.9,326.0,1013.3,71.2,,,
938,2009-12-19T02:00:00,-2.2,-2.5,98.09,0.0,0.0,,0.0,0.0,18.0,328.0,1013.3,64.5,,,
939,2009-12-19T03:00:00,-2.6,-2.8,98.32,0.0,0.0,,0.0,0.0,17.2,326.0,1013.1,75.2,,,
940,2009-12-19T04:00:00,-2.7,-2.9,98.46,0.0,0.0,,0.0,0.0,18.6,330.0,1012.4,73.0,,,
941,2009-12-19T05:00:00,-2.7,-2.8,98.82,0.0,0.0,,0.0,0.0,18.5,329.0,1012.3,80.2,,,
942,2009-12-19T06:00:00,-3.0,-3.1,99.03,0.0,0.0,,0.0,0.0,18.6,323.0,1011.4,93.4,,,
943,2009-12-19T07:00:00,-3.3,-3.5,98.45,0.0,0.0,,0.0,0.0,16.1,328.0,1011.3,60.2,,,
944,2009-12-19T08:00:00,-3.1,-3.2,99.28,0.0,0.0,,0.0,0.0,16.0,322.0,1011.3,65.1,,,
945,2009-12-19T09:00:00,-3.6,-3.8,98.32,0.0,0.0,,0.0,0.0,15.5,316.0,1011.3,61.2,,,
946,2009-12-19T10:00:00,-3.7,-4.2,96.7,0.0,0.0,,0.0,0.0,12.7,313.0,1011.2,44.4,,,
947,2009-12-19T11:00:00,-3.8,-4.3,95.66,0.0,0.0,,0.0,0.0,13.0,301.0,1010.6,45.6,,,
948,2009-12-19T12:00:00,-3.3,-4.5,91.54,0.0,0.0,,0.0,0.0,13.4,290.0,1010.3,71.5,,,
949,2009-12-19T13:00:00,-2.8,-4.1,90.15,0.0,0.0,,0.0,0.0,9.5,279.0,1009.3,24.5,,,
950,2009-12-19T14:00:00,-2.8,-4.2,89.94,0.0,0.0,,0.0,0.0,11.1,285.0,1008.4,0.0,,,
951,2009-12-19T15:00:00,-3.5,-5.3,87.34,0.0,0.0,,0.0,0.0,12.0,263.0,1008.1,0.0,,,
952,2009-12-19T16:00:00,-4.6,-6.1,89.32,0.0,0.0,,0.0,0.0,11.6,242.0,1007.1,0.0,,,
953,2009-12-19T17:00:00,-4.4,-5.6,91.76,0.0,0.0,,0.0,0.0,,230.0,1006.1,4.2,,,
954,2009-12-19T18:00:00,-3.7,-5.1,90.23,0.0,0.0,,0.0,0.0,14.0,220.0,1005.0,20.0,,,
955,2009-12-19T19:00:00,-3.3,-4.9,88.27,0.0,0.0,,0.0,0.0,12.3,218.0,1004.1,53.1,,,
956,2009-12-19T20:00:00,-2.5,-3.9,89.82,0.0,0.0,,0.0,0.0,15.9,210.0,1003.1,66.8,,,
957,2009-12-19T21:00:00,-1.3,-3.1,88.07,0.0,0.0,,0.0,0.0,16.4,219.0,1001.9,78.0,,,
958,2009-12-19T22:00:00,-0.9,-2.2,90.57,0.0,0.0,,0.0,0.0,18.7,217.0,1000.8,88.6,,,
959,2009-12-19T23:00:00,-0.7,-1.8,91.86,0.0,0.0,,0.0,0.0,20.1,220.0,999.0,96.4,,,
